,adg_long,adg_per_exposure_long,adg_per_exposure_short,adg_short,adg_weighted_long,adg_weighted_per_exposure_long,adg_weighted_per_exposure_short,adg_weighted_short,avg_fills_per_day_long,avg_fills_per_day_short,closest_bkr_long,closest_bkr_short,drawdown_1pct_worst_mean_long,drawdown_1pct_worst_mean_short,drawdown_max_long,drawdown_max_short,eqbal_ratio_mean_long,eqbal_ratio_mean_of_10_worst_long,eqbal_ratio_mean_of_10_worst_short,eqbal_ratio_mean_short,eqbal_ratio_min_long,eqbal_ratio_min_short,eqbal_ratio_std_long,eqbal_ratio_std_short,equity_balance_ratio_mean_long,equity_balance_ratio_mean_short,equity_balance_ratio_std_long,equity_balance_ratio_std_short,exchange,exposure_ratios_mean_long,exposure_ratios_mean_short,fee_sum_long,fee_sum_short,final_balance_long,final_balance_short,final_equity_long,final_equity_short,gain_long,gain_short,hrs_stuck_avg_long,hrs_stuck_avg_short,hrs_stuck_max_long,hrs_stuck_max_short,loss_profit_ratio_long,loss_profit_ratio_short,loss_sum_long,loss_sum_short,n_closes_long,n_closes_short,n_days,n_entries_long,n_entries_short,n_fills_long,n_fills_short,n_ientries_long,n_ientries_short,n_normal_closes_long,n_normal_closes_short,n_rentries_long,n_rentries_short,n_unstuck_closes_long,n_unstuck_closes_short,n_unstuck_entries_long,n_unstuck_entries_short,net_pnl_plus_fees_long,net_pnl_plus_fees_short,pa_distance_1pct_worst_mean_long,pa_distance_1pct_worst_mean_short,pa_distance_max_long,pa_distance_max_short,pa_distance_mean_long,pa_distance_mean_short,pa_distance_std_long,pa_distance_std_short,pnl_sum_long,pnl_sum_short,profit_sum_long,profit_sum_short,sharpe_ratio_long,sharpe_ratio_short,starting_balance,symbol,time_at_max_exposure_long,time_at_max_exposure_short,volume_quote_long,volume_quote_short
APTUSDT,0.000704728815187794,0.00234909605062598,0.0,0.0,-0.003844916360696471,-0.012816387868988236,0.0,0.0,46.03059805285118,0.0,1.0,1.0,0.0329108201100675,-0.0,0.03666850542961086,-0.0,0.9994195071597843,0.9837778396031652,1.0,1.0,0.979321415149745,,0.002143741160739051,0.0,0.9994195071597843,1.0,0.002143741160739051,0.0,binance,0.12085448961057427,0.0,-58.82362362,0.0,10213.293519225223,10000.0,10215.002076380058,10000.0,0.021329351922522166,0.0,0.5112602805999032,,44.53333333333333,,0.5954500222787555,1.0,-400.52445357257733,0.0,683,0,29.958333333333332,696,0,1379,0,124,0,166,0,60,0,517,0,512,0,213.29351922519012,0.0,0.07301431789335433,100.0,0.08806097276695869,100.0,0.014335727258204957,100.0,0.013308940553667424,1.0,272.11714284519013,0.0,672.6415964177675,0.0,0.16309354082555882,0.0,10000.0,APTUSDT,0.06111111111111111,0.0,3157678.5639892076,0.0
AVAXUSDT,0.003049193396812866,0.003049193396812866,0.0,0.0,0.0029576924568101457,0.0029576924568101457,0.0,0.0,21.79694019471488,0.0,0.9961268232488222,1.0,0.0777808713104756,-0.0,0.09327526071435052,-0.0,0.9988575350615916,0.938374163262484,1.0,1.0,0.9092673556523773,,0.007960434733422573,0.0,0.9988575350615916,1.0,0.007960434733422573,0.0,binance,0.041253879538749406,0.0,-138.7132194,0.0,10954.987780599937,10000.0,10954.987780599937,10000.0,0.09549877805999363,0.0,1.077939672801636,,61.96666666666667,,0.407445787724483,1.0,-752.0389801445551,0.0,334,0,29.958333333333332,319,0,653,0,129,0,227,0,63,0,107,0,127,0,954.9877805999638,0.0,0.07791436548160031,100.0,0.0995042259586829,100.0,0.011815287824538308,100.0,0.019773194408626366,1.0,1093.7009999999639,0.0,1845.739980144519,0.0,0.2980619068989578,0.0,10000.0,AVAXUSDT,0.029166666666666667,0.0,3323788.267468076,0.0
XTZUSDT,0.0004620417935037313,0.0015401393116791044,0.0,0.0,0.0003622632884305199,0.0012075442947683996,0.0,0.0,22.5980528511822,0.0,1.0,1.0,0.01345523677640981,-0.0,0.015583097128461596,-0.0,0.9992699544900296,0.987117503305804,1.0,1.0,0.9844655036328674,,0.002284090039440229,0.0,0.9992699544900296,1.0,0.002284090039440229,0.0,binance,0.12181910057608089,0.0,-16.66055228,0.0,10139.350047720034,10000.0,10139.065247720035,10000.0,0.01393500477200349,0.0,1.0281311637080868,,52.583333333333336,,0.018404131664464526,1.0,-2.925073053048608,0.0,306,0,29.958333333333332,371,0,677,0,300,0,305,0,71,0,1,0,0,0,139.35004772000082,0.0,0.04680033250706763,100.0,0.05460728989756595,100.0,0.009933906836275675,100.0,0.008801485873544058,1.0,156.0106000000008,0.0,158.9356730530494,0.0,0.1279972271287664,0.0,10000.0,XTZUSDT,0.09722222222222222,0.0,62250.413608539944,0.0
OCEANUSDT,0.0014505973510552383,0.0048353245035174615,0.0,0.0,0.0009078960001078107,0.003026320000359369,0.0,0.0,17.591098748261476,0.0,1.0,1.0,0.001516687076101476,-0.0,0.0040388769115675596,-0.0,0.9999498466035639,0.9986894354007582,1.0,1.0,0.9960208797135022,,0.0002077686162217541,0.0,0.9999498466035639,1.0,0.0002077686162217541,0.0,binance,0.023426020000766677,0.0,-18.2737355,0.0,10443.8269645,10000.0,10443.8269645,10000.0,0.044382696450000036,0.0,1.3382129277566541,,17.133333333333333,,0.0,1.0,0.0,0.0,289,0,29.958333333333332,238,0,527,0,152,0,289,0,85,0,0,0,1,0,443.8269645000009,0.0,0.02772142078582502,100.0,0.02993946533565324,100.0,0.009078785303235895,100.0,0.0069605682877838405,1.0,462.10070000000087,0.0,462.10070000000087,0.0,0.8794421816556004,0.0,10000.0,OCEANUSDT,0.002777777777777778,0.0,249716.0627534783,0.0
RNDRUSDT,0.002793795345554795,0.009312651151849316,0.0,0.0,0.001498540229501777,0.004995134098339257,0.0,0.0,50.67037552155772,0.0,1.0,1.0,0.01964591246799874,-0.0,0.02203323577970947,-0.0,0.9988399979207917,0.9810056140986111,1.0,1.0,0.9775666729296083,,0.0034419342087461955,0.0,0.9988399979207917,1.0,0.0034419342087461955,0.0,binance,0.1981767586452618,0.0,-72.364410346,0.0,10871.73003965399,10000.0,10871.54015965399,10000.0,0.08717300396539907,0.0,0.46587563172929025,,26.983333333333334,,0.19721165126840043,1.0,-231.9246732118192,0.0,1004,0,29.958333333333332,514,0,1518,0,220,0,916,0,209,0,88,0,85,0,871.7300396539994,0.0,0.07099797117849267,100.0,0.08080508656481576,100.0,0.009800759673274468,100.0,0.01370468349568263,1.0,944.0944499999994,0.0,1176.0191232118186,0.0,0.39398408993379985,0.0,10000.0,RNDRUSDT,0.1375,0.0,1761710.8202143256,0.0
SANDUSDT,0.0011623491511569828,0.0038744971705232762,0.0,0.0,0.0010168759134745464,0.003389586378248488,0.0,0.0,10.481223922114047,0.0,1.0,1.0,0.0007952897585463758,-0.0,0.0012671959051150084,-0.0,0.9999938622547082,0.9994649136712328,1.0,1.0,0.9976259161116803,,8.706876919766902e-05,0.0,0.9999938622547082,1.0,8.706876919766902e-05,0.0,binance,0.014483842516149198,0.0,-14.1499863,0.0,10354.144913700027,10000.0,10354.144913700027,10000.0,0.03541449137000274,0.0,2.250212992545261,,30.616666666666667,,0.0,1.0,0.0,0.0,154,0,29.958333333333332,160,0,314,0,97,0,154,0,63,0,0,0,0,0,354.14491370000053,0.0,0.01892590138846128,100.0,0.02132398624599747,100.0,0.005520053531469064,100.0,0.004273822473273893,1.0,368.29490000000055,0.0,368.29490000000055,0.0,0.8200977509755277,0.0,10000.0,SANDUSDT,0.0,0.0,114001.81141868516,0.0
GMTUSDT,0.0005092929704473281,0.0005092929704473281,0.0006078646559628531,0.0006078646559628531,0.0004713689889066508,0.0004713689889066508,0.00029562503940698813,0.00029562503940698813,10.581363004172463,9.947148817802503,1.0,0.8602067557407781,0.0057056155838456826,0.023137817311631694,0.009225681964605013,0.06963218241212496,0.99982069395152,0.9952605270489725,0.9831337433093201,0.9996749001576343,0.9887842059098567,0.9304811539220899,0.0006605085156916889,0.003118981091967096,0.99982069395152,0.9996749001576343,0.0006605085156916889,0.003118981091967096,binance,0.011307592353509671,0.011709037558298059,-6.961241599999999,-11.29737912,10153.706158400004,10183.718020879985,10153.706158400004,10182.831820879985,0.015370615840000434,0.0183718020879986,2.1662447257383968,2.3248597081930416,45.05,48.6,0.0,0.0,0.0,0.0,125,136,29.958333333333332,192,162,317,298,121,127,125,136,71,35,0,0,0,0,153.70615840000025,183.71802087999956,0.04385059488423964,0.04604528397536008,0.05352193785682437,0.06499231013498852,0.013055773277178754,0.015408697678371924,0.010994461422118918,0.011337936753838394,160.66740000000024,195.01539999999954,160.66740000000024,195.01539999999954,0.6777772492938754,0.3637488188016807,10000.0,GMTUSDT,0.0,0.004166666666666667,40577.22348090495,78554.00463094856
SUSHIUSDT,0.0006470959593745107,0.002156986531248369,0.0,0.0,-0.0004013340255281217,-0.0013377800850937391,0.0,0.0,17.624478442280946,0.0,1.0,1.0,0.012064718292612645,-0.0,0.01575683674070788,-0.0,0.9997105171801915,0.9925377207599096,1.0,1.0,0.9880871256021329,,0.0011100568985520176,0.0,0.9997105171801915,1.0,0.0011100568985520176,0.0,binance,0.07802914154357271,0.0,-16.45576218,0.0,10195.68651208,10000.0,10195.68651208,10000.0,0.019568651208,0.0,1.353383934218849,,29.816666666666666,,0.2509113005297218,1.0,-71.05288190614323,0.0,291,0,29.958333333333332,237,0,528,0,144,0,247,0,51,0,44,0,42,0,195.67063782000045,0.0,0.04433145646612741,100.0,0.05772760932341006,100.0,0.009158173102222047,100.0,0.008188153336211635,1.0,212.12640000000044,0.0,283.1792819061437,0.0,0.36491117125428896,0.0,10000.0,SUSHIUSDT,0.034722222222222224,0.0,377911.3450597573,0.0
LTCUSDT,0.00035906339459357284,0.0011968779819785762,0.0,0.0,0.0004212760577438024,0.0014042535258126747,0.0,0.0,7.243393602225313,0.0,1.0,1.0,0.0013607348573937395,-0.0,0.002058012345507629,-0.0,0.9999302867609763,0.9987722743624603,1.0,1.0,0.9951553473566302,,0.0001997655854094162,0.0,0.9999302867609763,1.0,0.0001997655854094162,0.0,binance,0.023526097587357547,0.0,-6.461368676,0.0,10108.130531323995,10000.0,10108.130531323995,10000.0,0.010813053132399553,0.0,3.1552469135802466,,35.083333333333336,,0.0,1.0,0.0,0.0,104,0,29.958333333333332,113,0,217,0,96,0,104,0,17,0,0,0,0,0,108.1305313240002,0.0,0.03840523044354064,100.0,0.041384124451535755,100.0,0.010562859442080207,100.0,0.009419841915728845,1.0,114.59190000000021,0.0,114.59190000000021,0.0,0.6747089746213271,0.0,10000.0,LTCUSDT,0.0,0.0,29534.512489483004,0.0
GALUSDT,0.0014182110376714796,0.0014182110376714796,0.0037229671030587497,0.0037229671030587497,0.0009078486655840657,0.0009078486655840657,0.0010262288394630836,0.0010262288394630836,70.1307371349096,8.545201668984701,0.9996802828437718,0.7258141889081904,0.0029731742495606593,0.11771533194317714,0.003228297509816934,0.1532906318195825,0.9997624098913425,0.9970827582200255,0.8949715725056595,0.9975832031446576,0.9936189090406551,0.8468787423597426,0.0004163845961811268,0.013386400304566715,0.9997624098913425,0.9975832031446576,0.0004163845961811268,0.013386400304566715,binance,0.02105471910753782,0.08594742714322068,-83.14853978,-31.6199577,10433.713360219963,11177.601142299993,10431.812160219963,11178.042142299993,0.043371336021996276,0.11776011422999932,0.3282777777777778,2.6966013071895425,15.8,36.4,0.0,0.023777998659117935,0.0,-29.453195743267177,990,125,29.958333333333332,1111,131,2101,256,985,64,990,121,126,64,0,4,0,3,433.71336022000105,1177.6011422999966,0.03069463547901501,0.1049074849947013,0.032986547502676516,0.13276654860461393,0.01128836926583171,0.011719077206862737,0.007153632632169319,0.015459330758015666,516.861900000001,1209.2210999999966,516.861900000001,1238.6742957432637,1.0094073481135029,0.17514220835313984,10000.0,GALUSDT,0.001388888888888889,0.043055555555555555,266932.9886711845,446987.7105612632
INJUSDT,0.0018958888309332789,0.006319629436444263,0.0,0.0,0.0020782496429365914,0.006927498809788639,0.0,0.0,12.917941585535466,0.0,1.0,1.0,0.029820197935403036,-0.0,0.033036706017224735,-0.0,0.9981936521433391,0.974794678826339,1.0,1.0,0.9698482010378318,,0.004306727588678813,0.0,0.9981936521433391,1.0,0.004306727588678813,0.0,binance,0.23159053188538428,0.0,-30.68570368,0.0,10583.847196320028,10000.0,10580.852296320028,10000.0,0.05838471963200287,0.0,1.8300949913644213,,40.81666666666667,,0.12597692721990592,1.0,-88.57542647162596,0.0,190,0,29.958333333333332,197,0,387,0,122,0,180,0,67,0,10,0,8,0,583.8471963200008,0.0,0.09749300104692127,100.0,0.11180240107581167,100.0,0.01660552931271777,100.0,0.01602673226216412,1.0,614.5329000000007,0.0,703.1083264716267,0.0,0.2952143411071759,0.0,10000.0,INJUSDT,0.08194444444444444,0.0,247827.43235775363,0.0
XRPUSDT,0.0010232449445384262,0.003410816481794754,0.0,0.0,0.0005705250679395979,0.0019017502264653263,0.0,0.0,8.979137691237831,0.0,1.0,1.0,0.0009390595209909559,-0.0,0.0012314688819610854,-0.0,0.9999716737485229,0.999319153766589,1.0,1.0,0.9962034313810714,,0.00013714733465909086,0.0,0.9999716737485229,1.0,0.00013714733465909086,0.0,binance,0.04262881103654189,0.0,-11.467567456000001,0.0,10311.132462544008,10000.0,10311.207162544008,10000.0,0.031113246254400817,0.0,2.580783582089552,,62.13333333333333,,0.0,1.0,0.0,0.0,99,0,29.958333333333332,170,0,269,0,80,0,99,0,90,0,0,0,0,0,311.1324625440011,0.0,0.020492188015582617,100.0,0.02380101122529152,100.0,0.005741855140751316,100.0,0.004499057614059626,1.0,322.6000300000011,0.0,322.6000300000011,0.0,0.8168351557578455,0.0,10000.0,XRPUSDT,0.0,0.0,72737.40772948437,0.0
KAVAUSDT,0.0003968312195326007,0.0003968312195326007,0.0005907923811656612,0.0005907923811656612,0.0003529541141327641,0.0003529541141327641,0.0003713306679837158,0.0003713306679837158,10.714881780250348,4.606397774687066,1.0,1.0,0.0020861275017839743,0.010530764904499225,0.0028759112676355766,0.011509076187677695,0.9999243546008556,0.9982719191800475,0.9897694273113349,0.9990565125629243,0.9957797316479776,0.9885308456971108,0.0002323877982558669,0.001999363504809967,0.9999243546008556,0.9990565125629243,0.0002323877982558669,0.001999363504809967,binance,0.005994104461797139,0.04284567234645856,-6.541685446,-8.282122059999999,10119.569634553996,10178.513937939997,10119.345814553997,10178.969637939997,0.011956963455399539,0.017851393793999693,2.1729166666666666,5.043187347931873,35.36666666666667,57.333333333333336,0.0,0.0,0.0,0.0,139,64,29.958333333333332,182,74,321,138,140,59,139,64,42,15,0,0,0,0,119.56963455399978,178.51393794000026,0.03770319310516279,0.04923946144525787,0.03984063745019935,0.05374419909081423,0.012062788490021412,0.016602397444060446,0.00996966533783651,0.011833310073076066,126.11131999999978,186.79606000000027,126.11131999999978,186.79606000000027,0.38867755231518475,0.27706030037152685,10000.0,KAVAUSDT,0.0,0.0,22207.522300000004,33405.72165217475
ONEUSDT,0.0008508493627885638,0.0028361645426285462,0.0,0.0,0.000696361152919267,0.0023212038430642234,0.0,0.0,14.35326842837274,0.0,1.0,1.0,0.013772321601043453,-0.0,0.015970536719953635,-0.0,0.9997370666699571,0.9882200267589264,1.0,1.0,0.9846027303675318,,0.0014957458124776925,0.0,0.9997370666699571,1.0,0.0014957458124776925,0.0,binance,0.050309209219794336,0.0,-14.944660766000002,0.0,10258.065599234002,10000.0,10258.043509234001,10000.0,0.025806559923400085,0.0,1.6433954933954933,,20.083333333333332,,0.13477981372677655,1.0,-42.528217177632,0.0,194,0,29.958333333333332,236,0,430,0,147,0,170,0,66,0,24,0,23,0,258.0655992340002,0.0,0.04492769680272597,100.0,0.05409836977252195,100.0,0.009825398127707326,100.0,0.009103184600784355,1.0,273.01026000000024,0.0,315.5384771776322,0.0,0.2610581275680085,0.0,10000.0,ONEUSDT,0.029166666666666667,0.0,208093.19976686995,0.0
CHRUSDT,0.0007845759926816687,0.002615253308938896,0.0,0.0,0.0006169491441731179,0.0020564971472437263,0.0,0.0,15.121001390820584,0.0,1.0,1.0,0.009414071615067578,-0.0,0.011839924257867179,-0.0,0.9993862189781139,0.9912423153681793,1.0,1.0,0.9864984254315922,,0.001581499260081569,0.0,0.9993862189781139,1.0,0.001581499260081569,0.0,binance,0.09717413289086674,0.0,-10.305733840000002,0.0,10237.735641099993,10000.0,10237.487241099992,10000.0,0.0237735641099992,0.0,1.5725294985250737,,38.416666666666664,,0.0059291837587616405,1.0,-1.4861555749128543,0.0,212,0,29.958333333333332,241,0,453,0,180,0,211,0,61,0,1,0,0,0,238.85906615999926,0.0,0.07281870303908708,100.0,0.10229168610840697,100.0,0.014529830890432504,100.0,0.013406591736906162,1.0,249.16479999999925,0.0,250.6509555749121,0.0,0.3673744309633977,0.0,10000.0,CHRUSDT,0.009722222222222222,0.0,67904.31740707808,0.0
SKLUSDT,0.0008542553967993971,0.002847517989331324,0.0,0.0,0.0008396802683938498,0.0027989342279794993,0.0,0.0,10.481223922114047,0.0,1.0,1.0,0.011908677983778957,-0.0,0.015339131271577804,-0.0,0.9996761330548859,0.9891456743416521,1.0,1.0,0.9848560015999599,,0.001456489072921958,0.0,0.9996761330548859,1.0,0.001456489072921958,0.0,binance,0.0699443536223611,0.0,-9.024685274,0.0,10259.111484726007,10000.0,10257.556524726007,10000.0,0.025911148472600676,0.0,2.240894568690096,,40.25,,0.07791913369528133,1.0,-22.658466130525127,0.0,173,0,29.958333333333332,141,0,314,0,88,0,162,0,43,0,11,0,10,0,259.1114847260007,0.0,0.043232777008714196,100.0,0.05316340504305212,100.0,0.013104209303046918,100.0,0.010381724883895237,1.0,268.1361700000007,0.0,290.7946361305258,0.0,0.31109228146523565,0.0,10000.0,SKLUSDT,0.04027777777777778,0.0,163411.009563787,0.0
ZILUSDT,0.0007571465328706228,0.0025238217762354096,0.0,0.0,-0.0003014138671504574,-0.0010047128905015248,0.0,0.0,30.175243393602226,0.0,1.0,1.0,0.019204771644108668,-0.0,0.02082809806553058,-0.0,0.999218851733121,0.9850116581152923,1.0,1.0,0.9824985966540929,,0.002743341935260462,0.0,0.999218851733121,1.0,0.002743341935260462,0.0,binance,0.10025812101851411,0.0,-26.878794632,0.0,10229.33280536797,10000.0,10229.33280536797,10000.0,0.022933280536796996,0.0,0.7824104835732743,,23.933333333333334,,0.15597637535706235,1.0,-47.34814941861318,0.0,398,0,29.958333333333332,506,0,904,0,338,0,388,0,159,0,10,0,9,0,229.33280536799862,0.0,0.0553165135927033,100.0,0.061952067523133494,100.0,0.009125561179850587,100.0,0.012032976823979106,1.0,256.2115999999986,0.0,303.5597494186118,0.0,0.22557013984662375,0.0,10000.0,ZILUSDT,0.0875,0.0,224841.16732921937,0.0
ALGOUSDT,0.0019294813942281053,0.0019294813942281053,0.00155506316927978,0.00155506316927978,0.0006650209074793523,0.0006650209074793523,0.0010686478973201963,0.0010686478973201963,6.208623087621697,3.3713490959666204,0.9901879500268483,0.7962223386755328,0.054381987226883276,0.09366483563979008,0.0656952613899856,0.1061214420213311,0.9966199351789721,0.9529375992964242,0.9103555651028353,0.9927770258907118,0.9408364604701662,0.8940629858205327,0.009132425367006192,0.017974883800025956,0.9966199351789721,0.9927770258907118,0.009132425367006192,0.017974883800025956,binance,0.1753509528562807,0.1668569530833498,-18.871559512,-13.874037546,10594.483546125928,10476.514192453995,10271.604170487986,10475.223552453996,0.05944835461259279,0.047651419245399396,3.731441441441442,6.925166666666667,32.86666666666667,43.7,0.029156962071873464,0.04221778321826991,-18.420662097799685,-21.615669641994558,91,51,29.958333333333332,95,50,186,101,40,34,82,47,55,16,9,4,0,0,594.4835461259395,476.5141924540002,0.05213526785343257,0.08614642706499896,0.06257602087344678,0.09577715289697446,0.01311190954125467,0.021642393540600376,0.010800171555312287,0.019880119701881728,613.3551056379395,490.3882300000002,631.7757677357391,512.0038996419947,0.11429553426590458,0.09768371935571134,10000.0,ALGOUSDT,0.12222222222222222,0.11527777777777778,497327.38495260885,151081.8226535478
TRXUSDT,-0.0004144140806173757,-0.0013813802687245857,0.0,0.0,-0.0004055261239713337,-0.0013517537465711125,0.0,0.0,1.1682892906815021,0.0,1.0,1.0,0.03495678743331255,-0.0,0.036557127738069566,-0.0,0.9933784633606567,0.966873466768565,1.0,1.0,0.9635621154729497,,0.0067971298045711535,0.0,0.9933784633606567,1.0,0.0067971298045711535,0.0,binance,0.7131008954727621,0.0,-2.075189818,0.0,9876.590534581466,10000.0,9809.358600181997,10000.0,-0.01234094654185336,0.0,20.19362745098039,,118.56666666666666,,71.52989380234636,1.0,-123.05459969375256,0.0,15,0,29.958333333333332,20,0,35,0,3,0,3,0,6,0,12,0,11,0,-123.40946541853106,0.0,0.1305353888723702,100.0,0.1382441212971833,100.0,0.02663142323771225,100.0,0.02354547153344633,1.0,-121.33427560053106,0.0,1.720324093221512,0.0,-0.08438061096046517,0.0,10000.0,TRXUSDT,0.6708333333333333,0.0,75588.31556238212,0.0
ALPHAUSDT,0.0007211054063607225,0.002403684687869075,0.0,0.0,0.0008706055288445925,0.002902018429481975,0.0,0.0,5.006954102920724,0.0,1.0,1.0,0.009364472116380489,-0.0,0.013676903529831684,-0.0,0.9997607301289407,0.991796271374651,1.0,1.0,0.9871103379626494,,0.001128163046162016,0.0,0.9997607301289407,1.0,0.001128163046162016,0.0,binance,0.06392157423031591,0.0,-6.281024024000001,0.0,10218.301975975994,10000.0,10218.301975975994,10000.0,0.02183019759759941,0.0,4.678635346756153,,43.8,,0.0,1.0,0.0,0.0,68,0,29.958333333333332,82,0,150,0,48,0,65,0,33,0,3,0,1,0,218.30197597600096,0.0,0.046030156736361225,100.0,0.051090975021925264,100.0,0.012423684363189568,100.0,0.010721895093812933,1.0,224.58300000000096,0.0,224.58300000000096,0.0,0.6952887096193899,0.0,10000.0,ALPHAUSDT,0.02638888888888889,0.0,59819.97222901653,0.0
DOTUSDT,0.0007196282823049849,0.0023987609410166164,0.0,0.0,-0.0002750462842369683,-0.0009168209474565611,0.0,0.0,6.5757997218358835,0.0,1.0,1.0,0.021120488419707817,-0.0,0.02470394674107973,-0.0,0.9985207624623652,0.9810276027354954,1.0,1.0,0.976707224104759,,0.003988864782568461,0.0,0.9985207624623652,1.0,0.003988864782568461,0.0,binance,0.17127539108594292,0.0,-9.02249934,0.0,10217.85012938345,10000.0,10073.450800660012,10000.0,0.021785012938345005,0.0,3.488350340136054,,43.55,,0.0845413328675256,1.0,-20.95137127656168,0.0,73,0,29.958333333333332,124,0,197,0,64,0,68,0,57,0,5,0,3,0,217.8501293834385,0.0,0.07033847294489544,100.0,0.08418062691167545,100.0,0.014465055434754761,100.0,0.016323983422102974,1.0,226.8726287234385,0.0,247.82400000000018,0.0,0.0894852804951571,0.0,10000.0,DOTUSDT,0.14444444444444443,0.0,71931.19691890146,0.0
BNBUSDT,0.0014480380776646928,0.0014480380776646928,0.000814486341362608,0.000814486341362608,0.0008015656725012477,0.0008015656725012477,0.0003653019458730311,0.0003653019458730311,41.49095966620306,32.51182197496523,1.0,0.7933941466700257,0.003156496622982578,0.09106218672510269,0.010446602234613536,0.10946830834568759,0.9998611205360174,0.9974283865995263,0.9127448004490614,0.9965650478172324,0.9896170290330039,0.8907696251287536,0.00044968816776156143,0.013428412904345498,0.9998611205360174,0.9965650478172324,0.00044968816776156143,0.013428412904345498,binance,0.020556501117785845,0.09685588684651508,-51.84319060000001,-52.38611456000001,10443.027409400009,10246.906085439956,10442.141409400008,10244.907285439956,0.04430274094000097,0.024690608543995518,0.563768115942029,0.7294107571085988,32.61666666666667,44.05,0.0,0.043984467054206874,0.0,-13.769868225799824,542,455,29.958333333333332,701,519,1243,974,536,450,542,449,165,69,0,6,0,0,443.02740939999967,246.90608544000605,0.01867886618384548,0.082797708012004,0.022208099187882167,0.09815520938580256,0.006182848190096463,0.014501944395076797,0.0045480863963837355,0.011969468602268513,494.8705999999997,299.29220000000606,494.8705999999997,313.0620682258059,1.081557193359398,0.049638582474845455,10000.0,BNBUSDT,0.0,0.06111111111111111,208826.22389989102,247893.0284522487
NEARUSDT,0.0006949304644479071,0.0023164348814930236,0.0,0.0,0.0008723982516408047,0.0029079941721360156,0.0,0.0,7.109874826147427,0.0,1.0,1.0,0.03125086177378788,-0.0,0.036739915463775544,-0.0,0.9988432384895403,0.9711849416664773,1.0,1.0,0.9636572206434968,,0.004522366092027672,0.0,0.9988432384895403,1.0,0.004522366092027672,0.0,binance,0.09204165213928016,0.0,-8.827977999999998,0.0,10210.298021999995,10000.0,10210.298021999995,10000.0,0.021029802199999503,0.0,3.2391509433962264,,42.1,,0.2952266154057948,1.0,-91.79096251578588,0.0,87,0,29.958333333333332,126,0,213,0,61,0,78,0,57,0,9,0,8,0,210.29802200000012,0.0,0.11486679833962057,100.0,0.137934429366041,100.0,0.01597206791006968,100.0,0.022739584121699498,1.0,219.12600000000012,0.0,310.916962515786,0.0,0.11698520452728046,0.0,10000.0,NEARUSDT,0.05694444444444444,0.0,111373.23608236853,0.0
OMGUSDT,0.0011974087055950378,0.00399136235198346,0.0,0.0,0.0013217099375981921,0.004405699791993974,0.0,0.0,6.1752433936022255,0.0,1.0,1.0,0.013479915627463349,-0.0,0.015062772500364478,-0.0,0.9993897273621634,0.9875101705986078,1.0,1.0,0.9859546021840163,,0.002203762723259811,0.0,0.9993897273621634,1.0,0.002203762723259811,0.0,binance,0.1102160810219344,0.0,-10.940757092000002,0.0,10365.01302290799,10000.0,10365.01302290799,10000.0,0.036501302290798954,0.0,3.6403985507246377,,44.38333333333333,,0.01623024729828007,1.0,-6.202490781370116,0.0,79,0,29.958333333333332,106,0,185,0,67,0,74,0,38,0,5,0,1,0,365.0130229079998,0.0,0.04459804167582353,100.0,0.049114864924758486,100.0,0.011156206246139585,100.0,0.010188945862814035,1.0,375.9537799999998,0.0,382.1562707813699,0.0,0.3015354745980711,0.0,10000.0,OMGUSDT,0.09166666666666666,0.0,65778.34193613216,0.0
COTIUSDT,0.0015288474339893998,0.005096158113297999,0.0,0.0,0.0021240181860674224,0.007080060620224741,0.0,0.0,5.774687065368568,0.0,1.0,1.0,0.004993677092807007,-0.0,0.010582404449190876,-0.0,0.9998456021969703,0.9955451650808923,1.0,1.0,0.9892267895562219,,0.0007206159814538012,0.0,0.9998456021969703,1.0,0.0007206159814538012,0.0,binance,0.07623938336147015,0.0,-10.989813982000001,0.0,10468.302038523989,10000.0,10468.302038523989,10000.0,0.04683020385239889,0.0,4.13875968992248,,30.75,,0.0032545860816160475,1.0,-1.5649476941360412,0.0,60,0,29.958333333333332,113,0,173,0,51,0,56,0,61,0,4,0,1,0,468.2890860179998,0.0,0.036409888548224266,100.0,0.0452923384234157,100.0,0.00953653511606155,100.0,0.00782505877010799,1.0,479.2788999999998,0.0,480.84384769413583,0.0,0.785668104525996,0.0,10000.0,COTIUSDT,0.015277777777777777,0.0,64973.17960556071,0.0
GRTUSDT,0.0006124934435844942,0.002041644811948314,0.0,0.0,-0.002873414385943118,-0.009578047953143728,0.0,0.0,13.618915159944368,0.0,1.0,1.0,0.04577000231196746,-0.0,0.04970720818905286,-0.0,0.9961925844558827,0.9662690174606041,1.0,1.0,0.9632910358118321,,0.00863931550566895,0.0,0.9961925844558827,1.0,0.00863931550566895,0.0,binance,0.2286674339245685,0.0,-15.909837094,0.0,10185.129441462886,10000.0,9964.011552905991,10000.0,0.018512944146288568,0.0,1.733251433251433,,62.11666666666667,,0.4871945358486441,1.0,-190.9988189497203,0.0,206,0,29.958333333333332,202,0,408,0,127,0,188,0,60,0,18,0,15,0,185.1294414628937,0.0,0.12838864607709746,100.0,0.1394238981635263,100.0,0.02510799585525093,100.0,0.029467846819733426,1.0,201.03927855689372,0.0,392.038097506614,0.0,-0.01709296190459736,0.0,10000.0,GRTUSDT,0.17777777777777778,0.0,238694.18781847158,0.0
EGLDUSDT,0.0007086102396955951,0.0023620341323186507,0.0,0.0,0.0005828529692519346,0.001942843230839782,0.0,0.0,17.25730180806676,0.0,1.0,1.0,0.01624293220345612,-0.0,0.02146971725741107,-0.0,0.9995763035857872,0.9850468926032937,1.0,1.0,0.9785917699844605,,0.0020782596930316154,0.0,0.9995763035857872,1.0,0.0020782596930316154,0.0,binance,0.06150760288990704,0.0,-21.4896384,0.0,10214.480361599995,10000.0,10214.480361599995,10000.0,0.021448036159999573,0.0,1.3222222222222222,,45.81666666666667,,0.25472568477467605,1.0,-80.65167228808477,0.0,297,0,29.958333333333332,220,0,517,0,151,0,271,0,43,0,26,0,26,0,214.48036159999728,0.0,0.05720994985552931,100.0,0.07691882608991395,100.0,0.010409008285654268,100.0,0.011294876088745779,1.0,235.96999999999727,0.0,316.62167228808204,0.0,0.25536390984365825,0.0,10000.0,EGLDUSDT,0.030555555555555555,0.0,356466.3765919127,0.0
COMPUSDT,0.0017709758337283166,0.0017709758337283166,0.00048501245774801305,0.00048501245774801305,0.001495166925460012,0.001495166925460012,0.0005102817259543313,0.0005102817259543313,10.114047287899862,2.403337969401947,0.9998840459488467,1.0,0.017012399047354767,0.005905272793582335,0.023701855954826878,0.006545510977597205,0.9995029639222746,0.9857290678360823,0.9944542237861708,0.9995806559838308,0.969121085515201,0.9935533884760341,0.0020023808104601298,0.0010440554122668974,0.9995029639222746,0.9995806559838308,0.0020023808104601298,0.0010440554122668974,binance,0.04846611475129575,0.023632574969946134,-20.610791824000003,-3.214361964,10544.386708176007,10146.326668036003,10544.071348176007,10145.581858036003,0.05443867081760079,0.014632666803600314,2.3211368653421633,9.713849765258216,23.216666666666665,47.983333333333334,0.00574514559438127,0.0,-3.2647493583543366,0.0,131,30,29.958333333333332,172,42,303,72,96,30,130,30,76,12,1,0,0,0,544.3867081759994,146.32666803599943,0.03753500269337652,0.054074437400682976,0.049597091651117954,0.0615869195812946,0.008527624773453948,0.01392011997507542,0.007327760795675559,0.011357360316583614,564.9974999999994,149.54102999999944,568.2622493583538,149.54102999999944,0.6524141993613252,0.2689176237508615,10000.0,COMPUSDT,0.005555555555555556,0.0,195418.54741738568,12772.381428312132
ADAUSDT,0.00087975636148796,0.002932521204959867,0.0,0.0,-0.0004460881587372567,-0.0014869605291241892,0.0,0.0,9.012517385257302,0.0,1.0,1.0,0.011935692521683453,-0.0,0.014879137715387588,-0.0,0.9997426334328608,0.9912570003823442,1.0,1.0,0.9895122233665875,,0.0012704633605046985,0.0,0.9997426334328608,1.0,0.0012704633605046985,0.0,binance,0.0869861435368737,0.0,-16.04329876,0.0,10266.945301239992,10000.0,10266.945301239992,10000.0,0.02669453012399914,0.0,2.5934324659231724,,47.21666666666667,,0.23079876491960338,1.0,-84.91070527142415,0.0,118,0,29.958333333333332,152,0,270,0,73,0,87,0,51,0,31,0,28,0,266.9453012399971,0.0,0.032972534189024065,100.0,0.03622547237625083,100.0,0.006903728415502405,100.0,0.006474650825364219,1.0,282.98859999999706,0.0,367.8993052714212,0.0,0.3095129097188861,0.0,10000.0,ADAUSDT,0.05,0.0,245549.52099596712,0.0
HBARUSDT,0.007229082396314146,0.007229082396314146,0.0,0.0,0.003943101211517597,0.003943101211517597,0.0,0.0,83.14881780250349,0.0,0.9998232685006166,1.0,0.014383999018397554,-0.0,0.01770996488034337,-0.0,0.9997859487915968,0.987654504352783,1.0,1.0,0.9804121944017655,,0.0016605409609923257,0.0,0.9997859487915968,1.0,0.0016605409609923257,0.0,binance,0.057693095781621746,0.0,-144.1952698,0.0,12408.445130199965,10000.0,12408.445130199965,10000.0,0.24084451301999654,0.0,0.2756358768406961,,44.333333333333336,,0.00018273655647923264,1.0,-0.46654597163006434,0.0,2169,0,29.958333333333332,322,0,2491,0,253,0,2163,0,69,0,6,0,0,0,2408.445130199991,0.0,0.022862289712741842,100.0,0.02598634392850697,100.0,0.006769820249386285,100.0,0.005370497120193717,1.0,2552.640399999991,0.0,2553.1069459716214,0.0,0.7682610791787995,0.0,10000.0,HBARUSDT,0.022222222222222223,0.0,2405555.041535084,0.0
FETUSDT,0.006917874278615788,0.00553429942289263,0.0,0.0,0.005765323964138114,0.0046122591713104915,0.0,0.0,56.51182197496523,0.0,0.756403808523326,1.0,0.15585790041059486,-0.0,0.19208373446935256,-0.0,0.9932198957277841,0.855086823514972,1.0,1.0,0.8078282811139313,,0.022651069267147446,0.0,0.9932198957277841,1.0,0.022651069267147446,0.0,binance,0.15334370549892007,0.0,-173.63986514,0.0,12294.100434860065,10000.0,12291.897234860066,10000.0,0.22941004348600647,0.0,0.39474980299448387,,23.066666666666666,,0.02292151539754368,1.0,-57.89130369256195,0.0,721,0,29.958333333333332,972,0,1693,0,641,0,717,0,328,0,4,0,3,0,2294.100434859998,0.0,0.14283984399083083,100.0,0.18165682566401642,100.0,0.014283939446896926,100.0,0.01992882062981805,1.0,2467.740299999998,0.0,2525.63160369256,0.0,0.2228905671508737,0.0,10000.0,FETUSDT,0.075,0.0,1148607.46039802,0.0
CRVUSDT,0.0004989954833445331,0.0016633182778151105,0.0,0.0,0.0005479575098214174,0.001826525032738058,0.0,0.0,5.474269819193324,0.0,1.0,1.0,0.003962756718039746,-0.0,0.006211200595714064,-0.0,0.9998820913297085,0.9965946836864245,1.0,1.0,0.9938372749584038,,0.0005019709453540446,0.0,0.9998820913297085,1.0,0.0005019709453540446,0.0,binance,0.030281054580456854,0.0,-4.21765378,0.0,10150.575846220006,10000.0,10150.575846220006,10000.0,0.015057584622000686,0.0,4.261656441717792,,46.916666666666664,,0.0,1.0,0.0,0.0,68,0,29.958333333333332,96,0,164,0,58,0,68,0,38,0,0,0,0,0,150.5758462200001,0.0,0.041818871278881085,100.0,0.05047466267542019,100.0,0.009353301022388441,100.0,0.00828539594038715,1.0,154.7935000000001,0.0,154.7935000000001,0.0,0.5255808962140291,0.0,10000.0,CRVUSDT,0.0,0.0,23904.908469886082,0.0
MANAUSDT,0.0010574623318819754,0.0035248744396065845,0.0,0.0,0.0009624881630150295,0.0032082938767167652,0.0,0.0,18.692628650904034,0.0,1.0,1.0,0.01599122402351176,-0.0,0.02110083819316735,-0.0,0.9996619254716674,0.9855231915373883,1.0,1.0,0.979253609842558,,0.0019896182317007526,0.0,0.9996619254716674,1.0,0.0019896182317007526,0.0,binance,0.053306863118964654,0.0,-24.667814720000003,0.0,10321.696785280037,10000.0,10321.696785280037,10000.0,0.032169678528003676,0.0,1.2211985688729874,,29.416666666666668,,0.19512939841744517,1.0,-83.97115747327597,0.0,256,0,29.958333333333332,304,0,560,0,167,0,238,0,120,0,18,0,17,0,321.6967852800002,0.0,0.055111711679160305,100.0,0.07429045997750572,100.0,0.006721290416504263,100.0,0.009585927688147493,1.0,346.3646000000002,0.0,430.3357574732762,0.0,0.3350129293471529,0.0,10000.0,MANAUSDT,0.030555555555555555,0.0,272567.39730589045,0.0
FTMUSDT,0.0010048601806142976,0.0033495339353809923,0.0,0.0,0.00053020653585516,0.0017673551195172001,0.0,0.0,21.46314325452017,0.0,1.0,1.0,0.007014945611268158,-0.0,0.012095352036801935,-0.0,0.9998581818553731,0.9947094421143572,1.0,1.0,0.9881565630627027,,0.0007419678936919043,0.0,0.9998581818553731,1.0,0.0007419678936919043,0.0,binance,0.04499184231274936,0.0,-17.631384760000003,0.0,10305.460642736414,10000.0,10294.903015240003,10000.0,0.030546064273641482,0.0,1.1119418483904464,,17.033333333333335,,0.040933257914668536,1.0,-13.789665214464426,0.0,256,0,29.958333333333332,387,0,643,0,242,0,248,0,138,0,8,0,7,0,305.46064273641224,0.0,0.0280690771217748,100.0,0.04110136023391343,100.0,0.007592887057566674,100.0,0.0059471779050699666,1.0,323.09202749641224,0.0,336.8816927108767,0.0,0.9075423464775493,0.0,10000.0,FTMUSDT,0.016666666666666666,0.0,118508.00700086345,0.0
EOSUSDT,0.0004922116236620866,0.0004922116236620866,0.00108899403049878,0.00108899403049878,0.0004436125329967622,0.0004436125329967622,0.0005069478159624552,0.0005069478159624552,5.941585535465925,8.044506258692628,1.0,1.0,0.0079377920958951,0.005366078526493171,0.009112315656883804,0.006871075463933279,0.9994730631347193,0.992451194464809,0.9953785286975076,0.9997762054942088,0.9909271178771394,0.9904068391261656,0.0013482131285935746,0.0007303509918935239,0.9994730631347193,0.9997762054942088,0.0013482131285935746,0.0007303509918935239,binance,0.02932041195067998,0.028020643853860303,-7.938955780000001,-15.23911284,10148.51414421999,10331.441187159999,10148.51414421999,10328.03288716,0.014851414421998888,0.03314411871599976,3.821280602636535,2.892986111111111,56.93333333333333,22.2,0.0,0.0,0.0,0.0,72,98,29.958333333333332,106,143,178,241,72,94,72,98,34,49,0,0,0,0,148.51414421999988,331.44118716000054,0.044840687498829926,0.025333946886545323,0.047775153387007475,0.028124140081019496,0.013046023008364563,0.007768712289708658,0.010721395360177776,0.006013352441407553,156.4530999999999,346.68030000000056,156.4530999999999,346.68030000000056,0.24741987274365287,0.47570218832931427,10000.0,EOSUSDT,0.0,0.0,32907.0104,70664.72623111456
VETUSDT,0.0006797570929184538,0.002265856976394846,0.0,0.0,0.0005296099035193124,0.0017653663450643748,0.0,0.0,36.85118219749653,0.0,1.0,1.0,0.014361071241823786,-0.0,0.020393069059704602,-0.0,0.9996982314138061,0.9884177436718854,1.0,1.0,0.9835922755342105,,0.0014903714499327047,0.0,0.9996982314138061,1.0,0.0014903714499327047,0.0,binance,0.05809966351920023,0.0,-24.008287915800004,0.0,10205.660979084229,10000.0,10205.073119084229,10000.0,0.020566097908422787,0.0,0.6346025989724992,,26.366666666666667,,0.16187322933969733,1.0,-44.35761656924709,0.0,542,0,29.958333333333332,562,0,1104,0,414,0,528,0,135,0,14,0,13,0,205.66097908419889,0.0,0.044908427712204824,100.0,0.057856897287362846,100.0,0.00832876066547762,100.0,0.0073195201402515685,1.0,229.66926699999888,0.0,274.02688356924597,0.0,0.22321676851809638,0.0,10000.0,VETUSDT,0.025,0.0,279248.7916845917,0.0
AXSUSDT,0.0009042401211689644,0.0030141337372298813,0.0,0.0,0.0007697499794196095,0.0025658332647320314,0.0,0.0,8.778859527121002,0.0,1.0,1.0,0.013319064795735166,-0.0,0.01730871510987989,-0.0,0.9992707838990742,0.9880111023260479,1.0,1.0,0.9829373605731927,,0.0022190124671040883,0.0,0.9992707838990742,1.0,0.0022190124671040883,0.0,binance,0.1190890159397035,0.0,-9.578923800000002,0.0,10274.472076200005,10000.0,10274.688076200006,10000.0,0.027447207620000524,0.0,2.687849872773537,,34.18333333333333,,0.0452869487684053,1.0,-13.473999405391789,0.0,98,0,29.958333333333332,165,0,263,0,87,0,95,0,76,0,3,0,2,0,274.4720761999999,0.0,0.06285150895345602,100.0,0.07080592641592055,100.0,0.011582735989385464,100.0,0.012688599346492597,1.0,284.0509999999999,0.0,297.52499940539167,0.0,0.33568595930598577,0.0,10000.0,AXSUSDT,0.03194444444444444,0.0,67314.07975225107,0.0
AAVEUSDT,0.0008390359956165216,0.002796786652055072,0.0,0.0,0.0006281103166839274,0.0020937010556130917,0.0,0.0,12.717663421418637,0.0,1.0,1.0,0.0012384860179955948,-0.0,0.0017849911622473636,-0.0,0.9999722963771824,0.9990237202142975,1.0,1.0,0.9964127700020503,,0.00013696789189272427,0.0,0.9999722963771824,1.0,0.00013696789189272427,0.0,binance,0.021445600383146655,0.0,-13.7081142,0.0,10254.438885799993,10000.0,10254.438885799993,10000.0,0.02544388857999924,0.0,1.8383771929824562,,27.566666666666666,,0.0,1.0,0.0,0.0,182,0,29.958333333333332,199,0,381,0,136,0,182,0,63,0,0,0,0,0,254.43888580000026,0.0,0.019998211924781323,100.0,0.02220843767470003,100.0,0.005228644410978119,100.0,0.004738319711881034,1.0,268.1470000000003,0.0,268.1470000000003,0.0,0.7509089093134518,0.0,10000.0,AAVEUSDT,0.0,0.0,83873.63068908162,0.0
CHZUSDT,0.002046620559018608,0.002046620559018608,0.0013029510968207703,0.0013029510968207703,0.0015855741691068515,0.0015855741691068515,0.0021386966436816256,0.0021386966436816256,16.6230876216968,9.41307371349096,0.9998438776977557,0.9538074545864921,0.003971522659667037,0.040851685398959205,0.006348660378905319,0.046469206018321565,0.9999031274662242,0.9969556842448819,0.9619765836090848,0.9985748296318913,0.991466533196766,0.9561718889082628,0.0004578216844657484,0.005578410678653806,0.9999031274662242,0.9985748296318913,0.0004578216844657484,0.005578410678653806,binance,0.01389394141621916,0.07832305786092873,-34.36288855,-24.861155846,10631.653991450014,10397.79670570601,10631.604371450014,10399.121855706011,0.06316539914500141,0.039779670570601056,1.3930583501006037,2.5332147093712933,29.516666666666666,29.666666666666668,0.0,0.08502583798725405,0.0,-39.44321826322678,245,159,29.958333333333332,253,123,498,282,178,100,245,154,75,23,0,5,0,0,631.6539914499987,399.59247415399864,0.024757798345918954,0.04197684306923633,0.02644679527069062,0.046202100229151784,0.007029919397051989,0.012047245358999984,0.006127196665524434,0.009823683660431815,666.0168799999987,424.4536299999986,666.0168799999987,463.8968482632254,0.665934577163186,0.21843433579254057,10000.0,CHZUSDT,0.001388888888888889,0.05138888888888889,371619.8965402024,309792.77618408704
GALAUSDT,0.0014832832234152882,0.004944277411384294,0.0,0.0,0.0012042081786748592,0.004014027262249531,0.0,0.0,17.357440890125176,0.0,1.0,1.0,0.02255874402545007,-0.0,0.028730080743805966,-0.0,0.9993955628202051,0.9795384118115271,1.0,1.0,0.9746675952107089,,0.002758524568530412,0.0,0.9993955628202051,1.0,0.002758524568530412,0.0,binance,0.0829890623614412,0.0,-29.338917204,0.0,10454.043722795983,10000.0,10454.043722795983,10000.0,0.04540437227959826,0.0,1.3552986512524083,,27.633333333333333,,0.10018618270134258,1.0,-53.82031321888836,0.0,216,0,29.958333333333332,304,0,520,0,201,0,208,0,97,0,8,0,6,0,454.04372279600017,0.0,0.07676275711226369,100.0,0.0922282996121938,100.0,0.01126854207338643,100.0,0.015433750649654186,1.0,483.38264000000015,0.0,537.2029532188885,0.0,0.29281961643996085,0.0,10000.0,GALAUSDT,0.041666666666666664,0.0,149158.2036665348,0.0
DYDXUSDT,0.0006877415119408425,0.0022924717064694753,0.0,0.0,0.000744628945454795,0.0024820964848493166,0.0,0.0,6.342141863699583,0.0,1.0,1.0,0.0030428979928235375,-0.0,0.0035774920258848904,-0.0,0.9997666559426042,0.9970971811229015,1.0,1.0,0.9964616319238427,,0.00045900760451214254,0.0,0.9997666559426042,1.0,0.00045900760451214254,0.0,binance,0.0575894167886012,0.0,-7.4181044,0.0,10208.1007956,10000.0,10207.8887956,10000.0,0.020810079559999917,0.0,3.735978835978836,,45.266666666666666,,0.0,1.0,0.0,0.0,80,0,29.958333333333332,110,0,190,0,77,0,80,0,33,0,0,0,0,0,208.10079560000003,0.0,0.046584546614836186,100.0,0.05062925345316544,100.0,0.013666651218478222,100.0,0.011220872701493226,1.0,215.51890000000003,0.0,215.51890000000003,0.0,0.5342968673036593,0.0,10000.0,DYDXUSDT,0.0,0.0,27278.07379447842,0.0
1INCHUSDT,0.0008012010002529379,0.0026706700008431268,0.0,0.0,0.000546462454542107,0.001821541515140357,0.0,0.0,16.6230876216968,0.0,1.0,1.0,0.0015595982894713867,-0.0,0.0028213803305950054,-0.0,0.9999183784937256,0.998670046996963,1.0,1.0,0.9932950159768772,,0.0002011532296482284,0.0,0.9999183784937256,1.0,0.0002011532296482284,0.0,binance,0.03579500834279249,0.0,-13.539149420000001,0.0,10242.83185058001,10000.0,10242.099250580011,10000.0,0.024283185058000978,0.0,1.4117706237424548,,25.516666666666666,,0.0,1.0,0.0,0.0,213,0,29.958333333333332,285,0,498,0,200,0,213,0,85,0,0,0,0,0,242.83185057999992,0.0,0.027408636114141176,100.0,0.029587822815118833,100.0,0.007972065437332497,100.0,0.006689866575376455,1.0,256.3709999999999,0.0,256.3709999999999,0.0,0.9873622642775595,0.0,10000.0,1INCHUSDT,0.0,0.0,61933.27387599244,0.0
ENJUSDT,-0.0012155063944097044,-0.004051687981365681,0.0,0.0,0.0003391670251028378,0.0011305567503427927,0.0,0.0,15.321279554937414,0.0,1.0,1.0,0.08538152416542691,-0.0,0.08723262953918001,-0.0,0.9948794477538995,0.9510054215069708,1.0,1.0,0.9446379608024782,,0.01135371189688168,0.0,0.9948794477538995,1.0,0.01135371189688168,0.0,binance,0.23567530474980197,0.0,-13.34927892,0.0,9642.191321079981,10000.0,9642.084721079982,10000.0,-0.035780867892001855,0.0,1.5398835516739449,,65.03333333333333,,2.7120026727107613,1.0,-545.6620064507173,0.0,227,0,29.958333333333332,232,0,459,0,139,0,186,0,53,0,41,0,40,0,-357.8086789199998,0.0,0.20547631510125758,100.0,0.22630814919001044,100.0,0.026740403912262217,100.0,0.04178327708351475,1.0,-344.4593999999998,0.0,201.2026064507175,0.0,-0.10816779689516537,0.0,10000.0,ENJUSDT,0.2111111111111111,0.0,328226.5711686575,0.0
SXPUSDT,0.000648613956898636,0.0021620465229954533,0.0,0.0,0.0006274868169480197,0.0020916227231600657,0.0,0.0,10.848400556328235,0.0,1.0,1.0,0.004310126325492579,-0.0,0.005811342835762661,-0.0,0.9998450658719564,0.9962500181060486,1.0,1.0,0.992656354745782,,0.0005750394534329608,0.0,0.9998450658719564,1.0,0.0005750394534329608,0.0,binance,0.04136931511295935,0.0,-10.133271654000001,0.0,10196.149888345999,10000.0,10196.122628345998,10000.0,0.0196149888346,0.0,2.199022633744856,,26.433333333333334,,0.0006145003166146274,1.0,-0.1268390097439129,0.0,140,0,29.958333333333332,185,0,325,0,130,0,139,0,55,0,1,0,0,0,196.14988834600055,0.0,0.04078980585389443,100.0,0.062337363752121504,100.0,0.009144306191773014,100.0,0.008565306661555703,1.0,206.28316000000055,0.0,206.40999900974447,0.0,0.5201929343230993,0.0,10000.0,SXPUSDT,0.002777777777777778,0.0,49994.90262914754,0.0
ROSEUSDT,0.0011111215806056673,0.003703738602018891,0.0,0.0,0.0008960775020364409,0.002986925006788136,0.0,0.0,5.808066759388039,0.0,1.0,1.0,0.006617655154658931,-0.0,0.009007954381887473,-0.0,0.9998823759550791,0.9946772487166017,1.0,1.0,0.9910904802328715,,0.0007545801648036637,0.0,0.9998823759550791,1.0,0.0007545801648036637,0.0,binance,0.057397018191004553,0.0,-7.24275396,0.0,10338.284686039991,10000.0,10338.284686039991,10000.0,0.03382846860399913,0.0,3.9552023121387285,,48.46666666666667,,0.0,1.0,0.0,0.0,59,0,29.958333333333332,115,0,174,0,57,0,58,0,58,0,1,0,0,0,338.2846860400005,0.0,0.035803363257387415,100.0,0.048219542616701756,100.0,0.007991601689148243,100.0,0.006811646263408703,1.0,345.5274400000005,0.0,345.5274400000005,0.0,0.6474344581112993,0.0,10000.0,ROSEUSDT,0.008333333333333333,0.0,30350.347187788473,0.0
ARUSDT,0.0006295174887966937,0.0020983916293223124,0.0,0.0,0.0016033743170687175,0.005344581056895725,0.0,0.0,14.620305980528512,0.0,1.0,1.0,0.032855445339646315,-0.0,0.037218563248701465,-0.0,0.9989028174838759,0.9691538714429795,1.0,1.0,0.9619893290063154,,0.00443985390759173,0.0,0.9989028174838759,1.0,0.00443985390759173,0.0,binance,0.1351291495140557,0.0,-29.038220700000004,0.0,10190.3220793,10000.0,10190.3220793,10000.0,0.019032207930000045,0.0,1.576506483600305,,36.63333333333333,,0.6227276721424966,1.0,-362.07725532171906,0.0,196,0,29.958333333333332,242,0,438,0,62,0,76,0,62,0,120,0,118,0,190.32207930000135,0.0,0.12355432660950987,100.0,0.14517027191594753,100.0,0.0140031452908879,100.0,0.020881850429333704,1.0,219.36030000000136,0.0,581.4375553217204,0.0,0.1044380788193022,0.0,10000.0,ARUSDT,0.09722222222222222,0.0,771851.1902520346,0.0
ZECUSDT,0.00051833743830354,0.0017277914610118,0.0,0.0,0.00024337060018824185,0.0008112353339608062,0.0,0.0,6.776077885952712,0.0,1.0,1.0,0.004214971750343949,-0.0,0.006739645421081689,-0.0,0.9999365708222981,0.9965923243504037,1.0,1.0,0.9907185076502946,,0.00045787002943493613,0.0,0.9999365708222981,1.0,0.00045787002943493613,0.0,binance,0.029260295804486455,0.0,-4.338762494000001,0.0,10156.45633750599,10000.0,10156.613487505989,10000.0,0.01564563375059902,0.0,3.3404290429042907,,35.266666666666666,,0.0,1.0,0.0,0.0,91,0,29.958333333333332,112,0,203,0,61,0,91,0,51,0,0,0,0,0,156.4563375060005,0.0,0.0332368889980881,100.0,0.044758578840634874,100.0,0.008465512217264645,100.0,0.0070148583681312274,1.0,160.7951000000005,0.0,160.7951000000005,0.0,0.6116194131581383,0.0,10000.0,ZECUSDT,0.006944444444444444,0.0,45560.90523427011,0.0
ATOMUSDT,0.0015227341555468232,0.0015227341555468232,0.0009578998930839244,0.0009578998930839244,-0.0009954778570056776,-0.0009954778570056776,0.0007348781336680599,0.0007348781336680599,18.358831710709318,8.545201668984701,0.9998712997593452,1.0,0.0798918068625588,0.008618537119762513,0.08429346135933355,0.009563652061741696,0.9919507234070298,0.9246875590914059,0.9918197680009815,0.9995658494321084,0.9183275674193045,0.9905224459625381,0.01991533213684833,0.001406776317025586,0.9919507234070298,0.9995658494321084,0.01991533213684833,0.001406776317025586,binance,0.1763068542597872,0.035973516088799326,-36.47171789000001,-13.629776591999999,10466.387931464222,10290.986773408,9840.932842109996,10290.921453408,0.046638793146422275,0.02909867734079996,1.264541590771099,2.7230718954248365,34.55,19.95,0.1237944946003461,0.0,-71.04641064577577,0.0,233,108,29.958333333333332,317,148,550,256,196,94,228,108,121,54,5,0,0,0,466.38793146422313,290.9867734079989,0.0838438444762127,0.0299590303154694,0.08893560106090344,0.031310818419881384,0.014184025070025879,0.007577626511065224,0.020640814403547383,0.006037343511772333,502.8596493542231,304.6165499999989,573.9060599999989,304.6165499999989,-0.046269992423006924,0.38433506817899504,10000.0,ATOMUSDT,0.14444444444444443,0.0,299583.9390257103,83691.23035549285
ETCUSDT,0.0013988679405507742,0.0013988679405507742,0.0005592938040426265,0.0005592938040426265,0.001039243872581319,0.001039243872581319,0.0006501204958589746,0.0006501204958589746,36.08344923504868,8.71210013908206,0.9998413368052687,1.0,0.0032607882228340374,0.003306877353094048,0.00743887970241213,0.005056099411639177,0.9998819363310242,0.9972505617843656,0.996962829383915,0.9998013311680748,0.9908844651554972,0.9949313644053392,0.0004128129595638616,0.000476008083275847,0.9998819363310242,0.9998013311680748,0.0004128129595638616,0.000476008083275847,binance,0.015083227299814607,0.017185138083375278,-49.872239606,-10.042045748000001,10427.677410393955,10168.919080684034,10427.404410393956,10170.109410684034,0.042767741039395624,0.01689190806840335,0.6554783950617283,2.737435897435897,17.466666666666665,30.966666666666665,0.0,0.0,0.0,0.0,498,126,29.958333333333332,583,135,1081,261,480,112,498,126,103,23,0,0,0,0,427.67741039400164,171.86789425200135,0.021860376822545134,0.03276127145332517,0.028089448777174352,0.03579093948137549,0.0063809795577992445,0.010939287810826884,0.005106040712910108,0.00827901599306078,477.54965000000163,181.90994000000134,477.54965000000163,181.90994000000134,0.6647784918128294,0.6373528951345994,10000.0,ETCUSDT,0.0,0.0,231334.99732724135,44132.431022734105
IMXUSDT,0.001911475489017267,0.001911475489017267,0.00021142055721545816,0.00021142055721545816,0.00132442004180926,0.00132442004180926,0.00015127800746124188,0.00015127800746124188,11.048678720445062,12.684283727399166,0.9998749184860029,1.0,0.0036897211228360044,0.0056097853934350935,0.004455957019084933,0.006704068542713738,0.9998121537840883,0.9969108844353425,0.9949462934438313,0.9997083848199989,0.9856796920492644,0.9932817832345979,0.00046512653984384113,0.0007247367782688857,0.9998121537840883,0.9997083848199989,0.00046512653984384113,0.0007247367782688857,binance,0.023032375796773013,0.01408029567397092,-23.349813779999998,-14.023152060000001,10588.781086220004,10063.532347940038,10586.745886220004,10063.532347940038,0.05887810862200049,0.006353234794003848,2.092070707070707,1.7644678979771329,26.866666666666667,45.71666666666667,0.0,0.0,0.0,0.0,143,183,29.958333333333332,188,197,331,380,114,176,143,183,74,21,0,0,0,0,588.781086220001,63.53234793999994,0.029769968837545856,0.04238638801525009,0.03193506339613702,0.04315759955131792,0.010204066131585402,0.01820382627264525,0.007616091036354925,0.011085780868303547,612.130900000001,77.55549999999994,612.130900000001,77.55549999999994,0.6630252871850018,0.2419750499887303,10000.0,IMXUSDT,0.0,0.0,188331.77809992293,55868.79079004891
ANKRUSDT,0.0004048781418473091,0.001349593806157697,0.0,0.0,-0.0026045607597947385,-0.008681869199315795,0.0,0.0,31.910987482614743,0.0,1.0,1.0,0.048980977971432416,-0.0,0.05050433498841332,-0.0,0.9955343219849679,0.9593741902573341,1.0,1.0,0.9566626157720267,,0.010112154924848541,0.0,0.9955343219849679,1.0,0.010112154924848541,0.0,binance,0.22365555661807843,0.0,-24.014122554000004,0.0,10122.008499629803,10000.0,9928.107977446023,10000.0,0.01220084996298021,0.0,0.7278010471204188,,19.616666666666667,,0.5835377049110027,1.0,-204.60365036407626,0.0,430,0,29.958333333333332,526,0,956,0,360,0,418,0,157,0,12,0,9,0,122.00849962978091,0.0,0.15938654220123452,100.0,0.16884696472622152,100.0,0.024570107696101805,100.0,0.03797747544823398,1.0,146.02262218378092,0.0,350.6262725478572,0.0,-0.03390100859228279,0.0,10000.0,ANKRUSDT,0.20555555555555555,0.0,219678.1267390668,0.0
RSRUSDT,0.0005136993255563382,0.0017123310851877942,0.0,0.0,-0.0002881773726657988,-0.0009605912422193293,0.0,0.0,21.96383866481224,0.0,1.0,1.0,0.020429562255695043,-0.0,0.02336519518637634,-0.0,0.9994012411276348,0.9827248167907279,1.0,1.0,0.9793077764230791,,0.0027148162226981708,0.0,0.9994012411276348,1.0,0.0027148162226981708,0.0,binance,0.05935585785315419,0.0,-16.763383878600003,0.0,10155.045922391784,10000.0,10154.049424391784,10000.0,0.015504592239178328,0.0,1.0859462201927956,,24.616666666666667,,0.2836766681972948,1.0,-68.03384122705107,0.0,307,0,29.958333333333332,351,0,658,0,231,0,296,0,111,0,11,0,9,0,155.03159712139967,0.0,0.064678626133634,100.0,0.07408033171450798,100.0,0.013133610471999629,100.0,0.013902347746156195,1.0,171.79498099999967,0.0,239.82882222705072,0.0,0.1641988140446743,0.0,10000.0,RSRUSDT,0.043055555555555555,0.0,188490.94494250478,0.0
HNTUSDT,0.0,0.0,0.0,0.0,0.0,0.0,0.0,0.0,0.0,0.0,1.0,1.0,-0.0,-0.0,-0.0,-0.0,1.0,1.0,1.0,1.0,,,0.0,0.0,1.0,1.0,0.0,0.0,binance,0.0,0.0,0.0,0.0,10000.0,10000.0,10000.0,10000.0,0.0,0.0,,,,,1.0,1.0,0.0,0.0,0,0,29.958333333333332,0,0,0,0,0,0,0,0,0,0,0,0,0,0,0.0,0.0,100.0,100.0,100.0,100.0,100.0,100.0,1.0,1.0,0.0,0.0,0.0,0.0,0.0,0.0,10000.0,HNTUSDT,0.0,0.0,0.0,0.0
WOOUSDT,0.0016605888225660337,0.005535296075220113,0.0,0.0,0.002116713678004767,0.00705571226001589,0.0,0.0,9.546592489568846,0.0,1.0,1.0,0.014418371612526392,-0.0,0.01921882692487366,-0.0,0.9989827553597562,0.986586024099797,1.0,1.0,0.9773776115162078,,0.0025627609432952217,0.0,0.9989827553597562,1.0,0.0025627609432952217,0.0,binance,0.17885444285194627,0.0,-14.271977978,0.0,10509.633432021985,10000.0,10509.633432021985,10000.0,0.05096334320219853,0.0,2.4632163742690056,,72.06666666666666,,0.04502709953222471,1.0,-24.702209905627583,0.0,209,0,29.958333333333332,77,0,286,0,36,0,192,0,29,0,17,0,12,0,509.63343202199974,0.0,0.08153770861092648,100.0,0.1219952090242172,100.0,0.016998987278864203,100.0,0.016111370986572282,1.0,523.9054099999997,0.0,548.6076199056273,0.0,0.3482038548978036,0.0,10000.0,WOOUSDT,0.10277777777777777,0.0,360426.59492695134,0.0
AGIXUSDT,0.0017658147071448749,0.00588604902381625,0.0,0.0,0.00024256821683706908,0.0008085607227902303,0.0,0.0,46.86509040333797,0.0,1.0,1.0,0.047236599923830926,-0.0,0.052653874881030426,-0.0,0.9973457561415648,0.9644684112103199,1.0,1.0,0.9567411082982694,,0.005980253675334525,0.0,0.9973457561415648,1.0,0.005980253675334525,0.0,binance,0.2880408734495494,0.0,-83.7331481,0.0,10542.759351900011,10000.0,10541.25585190001,10000.0,0.05427593519000107,0.0,0.5020669992872416,,23.55,,0.48328504091156477,1.0,-585.9603020346663,0.0,829,0,29.958333333333332,575,0,1404,0,326,0,712,0,143,0,117,0,106,0,542.7593519000026,0.0,0.14422405888079728,100.0,0.16847237076338292,100.0,0.01853185510031917,100.0,0.022822321531925992,1.0,626.4925000000026,0.0,1212.4528020346688,0.0,0.20240740079279398,0.0,10000.0,AGIXUSDT,0.1375,0.0,1410058.2271828663,0.0
ZRXUSDT,-0.004120424483338603,-0.013734748277795344,0.0,0.0,-0.012857643322356161,-0.04285881107452054,0.0,0.0,14.9874826147427,0.0,1.0,1.0,0.15044450440206797,-0.0,0.15361884893307917,-0.0,0.9870620236613247,0.9284010601618313,1.0,1.0,0.9212657415715176,,0.02124930735090333,0.0,0.9870620236613247,1.0,0.02124930735090333,0.0,binance,0.3405322614275995,0.0,-19.120328472000004,0.0,8836.483711528017,10000.0,8836.483711528017,10000.0,-0.1163516288471983,0.0,1.5504092261904763,,55.85,,4.881085657447864,1.0,-1439.2608666283518,0.0,218,0,29.958333333333332,231,0,449,0,106,0,120,0,30,0,98,0,95,0,-1163.5162884719998,0.0,0.31967350669299405,100.0,0.35580107898024455,100.0,0.1029490931814612,100.0,0.09639451672131588,1.0,-1144.3959599999998,0.0,294.86490662835183,0.0,-0.29263213064893967,0.0,10000.0,ZRXUSDT,0.3375,0.0,590700.9073055086,0.0
RUNEUSDT,0.0007577224236170466,0.002525741412056822,0.0,0.0,0.0006069193337559176,0.0020230644458530587,0.0,0.0,15.855354659248958,0.0,1.0,1.0,0.01794516493298387,-0.0,0.022875098267340542,-0.0,0.9995007815835482,0.9838819826994207,1.0,1.0,0.9771763472728309,,0.002112852022141676,0.0,0.9995007815835482,1.0,0.002112852022141676,0.0,binance,0.07708847427014678,0.0,-11.1708428,0.0,10229.509157200006,10000.0,10229.665157200006,10000.0,0.02295091572000052,0.0,1.4337552742616033,,20.3,,0.01564677594032444,1.0,-3.8257263157894528,0.0,200,0,29.958333333333332,275,0,475,0,161,0,199,0,114,0,1,0,0,0,229.5091572000004,0.0,0.06359110634057528,100.0,0.08240910747072637,100.0,0.01114623944604328,100.0,0.011232193712563628,1.0,240.6800000000004,0.0,244.50572631578984,0.0,0.4487096133599864,0.0,10000.0,RUNEUSDT,0.02638888888888889,0.0,89440.35826997765,0.0
ENSUSDT,0.0011727467090874022,0.003909155696958008,0.0,0.0,0.001208762433782784,0.00402920811260928,0.0,0.0,6.709318497913769,0.0,1.0,1.0,0.012505948000420788,-0.0,0.01596519317393111,-0.0,0.9996674129606172,0.9897983554661174,1.0,1.0,0.9863130571317525,,0.0016037923639714597,0.0,0.9996674129606172,1.0,0.0016037923639714597,0.0,binance,0.102954410738712,0.0,-7.91390454,0.0,10357.36690256608,10000.0,10363.691995460002,10000.0,0.035736690256608084,0.0,3.5269166666666667,,75.63333333333334,,0.03528270878223729,1.0,-13.359454068243936,0.0,120,0,29.958333333333332,81,0,201,0,41,0,116,0,36,0,4,0,4,0,357.36690256607983,0.0,0.03851466621943035,100.0,0.04779902168299588,100.0,0.011271518928694576,100.0,0.008383438030782753,1.0,365.2808071060798,0.0,378.64026117432377,0.0,0.42190473796726297,0.0,10000.0,ENSUSDT,0.05416666666666667,0.0,163067.835025445,0.0
OPUSDT,-0.0007680877597450175,-0.002560292532483392,0.0,0.0,3.696683369086573e-05,0.00012322277896955244,0.0,0.0,3.7051460361613353,0.0,1.0,1.0,0.06963835758800647,-0.0,0.07553476571853344,-0.0,0.9934656484374552,0.9556905386420758,1.0,1.0,0.9478805737386968,,0.010730106441912655,0.0,0.9934656484374552,1.0,0.010730106441912655,0.0,binance,0.3803698156334279,0.0,-5.165622396000001,0.0,9772.434559204185,10000.0,9420.035397604004,10000.0,-0.022756544079581498,0.0,5.5624242424242425,,80.23333333333333,,2.4193576928351446,1.0,-379.0902844623809,0.0,58,0,29.958333333333332,53,0,111,0,14,0,32,0,14,0,26,0,25,0,-227.56544079582,0.0,0.18161214067192305,100.0,0.21024831975531805,100.0,0.03917021334966089,100.0,0.04057589144101434,1.0,-222.39981839982,0.0,156.69046606256092,0.0,-0.2470947158768765,0.0,10000.0,OPUSDT,0.30277777777777776,0.0,177861.29027206273,0.0
UNIUSDT,0.0008070765989225404,0.0026902553297418015,0.0,0.0,0.0009783334728985737,0.003261111576328579,0.0,0.0,7.076495132127956,0.0,1.0,1.0,0.022024336507986155,-0.0,0.023978535617329808,-0.0,0.9992973006360482,0.9798753430760547,1.0,1.0,0.9779274605900469,,0.003078542769387811,0.0,0.9992973006360482,1.0,0.003078542769387811,0.0,binance,0.07955715899963353,0.0,-9.5414642,0.0,10244.633535799987,10000.0,10244.633535799987,10000.0,0.024463353579998737,0.0,3.2887045813586098,,43.05,,0.12624587485585462,1.0,-36.72491415842297,0.0,123,0,29.958333333333332,89,0,212,0,61,0,119,0,25,0,4,0,3,0,244.6335357999988,0.0,0.07565891942926692,100.0,0.07930645802330119,100.0,0.011469278445032328,100.0,0.014219288637957515,1.0,254.17499999999882,0.0,290.8999141584218,0.0,0.14955530407798492,0.0,10000.0,UNIUSDT,0.058333333333333334,0.0,108107.69648818168,0.0
THETAUSDT,0.0013313968404307097,0.004437989468102366,0.0,0.0,0.0008077234950303547,0.0026924116501011825,0.0,0.0,22.331015299026426,0.0,1.0,1.0,0.008630797964597153,-0.0,0.012429526594509974,-0.0,0.9996237321759674,0.9921681116018825,1.0,1.0,0.9876884903638313,,0.0010936448557326561,0.0,0.9996237321759674,1.0,0.0010936448557326561,0.0,binance,0.08731608126545881,0.0,-21.467965646000003,0.0,10406.649684354026,10000.0,10406.204834354026,10000.0,0.04066496843540257,0.0,1.0351796407185627,,24.066666666666666,,0.0,1.0,0.0,0.0,281,0,29.958333333333332,388,0,669,0,276,0,281,0,112,0,0,0,0,0,406.6496843540016,0.0,0.039255708148850266,100.0,0.045203721232921046,100.0,0.012199197452713955,100.0,0.008642405948588042,1.0,428.11765000000156,0.0,428.11765000000156,0.0,0.5099396028053736,0.0,10000.0,THETAUSDT,0.022222222222222223,0.0,85551.61907656537,0.0
AUDIOUSDT,0.0007834908008808039,0.002611636002936013,0.0,0.0,0.0007067549790733985,0.002355849930244662,0.0,0.0,8.878998609179416,0.0,1.0,1.0,0.024636837181619357,-0.0,0.028585889811969425,-0.0,0.9990656449527296,0.9769033531151496,1.0,1.0,0.9719414830205575,,0.0036917517055283454,0.0,0.9990656449527296,1.0,0.0036917517055283454,0.0,binance,0.10059034550692728,0.0,-9.69272704,0.0,10237.40307296,10000.0,10237.30807296,10000.0,0.023740307296000074,0.0,2.617610062893082,,32.55,,0.08093078886636546,1.0,-21.758598566150848,0.0,121,0,29.958333333333332,145,0,266,0,90,0,118,0,53,0,3,0,2,0,237.40307296000034,0.0,0.0879690060005454,100.0,0.10317729950630934,100.0,0.012279839622631628,100.0,0.015962872126486748,1.0,247.09580000000034,0.0,268.8543985661512,0.0,0.1346169598632493,0.0,10000.0,AUDIOUSDT,0.06527777777777778,0.0,86509.21861647593,0.0
MATICUSDT,-0.00034441785552941084,-0.0011480595184313696,0.0,0.0,-0.0026869696529331134,-0.008956565509777045,0.0,0.0,11.949930458970794,0.0,1.0,1.0,0.0325849240199685,-0.0,0.034315288441990575,-0.0,0.9978801587487289,0.9793901281879546,1.0,1.0,0.977271165241838,,0.004458276581656883,0.0,0.9978801587487289,1.0,0.004458276581656883,0.0,binance,0.29348612162256643,0.0,-12.69044114,0.0,9897.331058859994,10000.0,9897.121058859995,10000.0,-0.010266894114000613,0.0,1.957609710550887,,75.61666666666666,,1.3936872600332,1.0,-318.53174297873437,0.0,171,0,29.958333333333332,187,0,358,0,53,0,84,0,50,0,87,0,84,0,-102.66894114000011,0.0,0.07663700358104489,100.0,0.0819761605463282,100.0,0.012899336808646708,100.0,0.014647485570788188,1.0,-89.97850000000011,0.0,228.55324297873426,0.0,-0.050990474045065744,0.0,10000.0,MATICUSDT,0.2013888888888889,0.0,576529.0042878205,0.0
LINKUSDT,0.0007743251780008009,0.0025810839266693364,0.0,0.0,0.0005996338631071296,0.001998779543690432,0.0,0.0,10.948539638386649,0.0,1.0,1.0,0.005344054924149089,-0.0,0.00894047719893886,-0.0,0.9999168052810203,0.9960109816074525,1.0,1.0,0.9912306252018074,,0.000566796824474321,0.0,0.9999168052810203,1.0,0.000566796824474321,0.0,binance,0.03950134652102385,0.0,-12.066309488000002,0.0,10234.594590511999,10000.0,10234.594590511999,10000.0,0.023459459051199838,0.0,2.0884301732925588,,42.15,,0.0,1.0,0.0,0.0,185,0,29.958333333333332,143,0,328,0,97,0,183,0,43,0,2,0,3,0,234.59459051200218,0.0,0.023864383895326136,100.0,0.030110931006682086,100.0,0.006092310599367037,100.0,0.005441990498219547,1.0,246.6609000000022,0.0,246.6609000000022,0.0,0.6892236380226962,0.0,10000.0,LINKUSDT,0.016666666666666666,0.0,157077.7235509162,0.0
DOGEUSDT,-0.0007173238750797228,-0.002391079583599076,0.0,0.0,-0.004481487435735687,-0.014938291452452292,0.0,0.0,32.0778859527121,0.0,1.0,1.0,0.07976322198866939,-0.0,0.08249607558339424,-0.0,0.9911362991931969,0.9537051217502338,1.0,1.0,0.9494831855550565,,0.013349352889163639,0.0,0.9911362991931969,1.0,0.013349352889163639,0.0,binance,0.4038696174956251,0.0,-45.528541958000005,0.0,9787.318860972371,10000.0,9593.367468041997,10000.0,-0.021268113902762842,0.0,0.7446875,,8.1,,1.2789548744698014,1.0,-766.3627646184905,0.0,409,0,29.958333333333332,552,0,961,0,314,0,332,0,165,0,77,0,73,0,-212.68113902762298,0.0,0.1888033371413636,100.0,0.20248943829568544,100.0,0.046453581870376306,100.0,0.05337512463612279,1.0,-167.15259706962297,0.0,599.2101675488675,0.0,-0.10025236465855016,0.0,10000.0,DOGEUSDT,0.3819444444444444,0.0,611022.7552819853,0.0
HOTUSDT,0.004369098151215001,0.004369098151215001,0.0014219829831128017,0.0014219829831128017,0.003892314555681975,0.003892314555681975,0.0008644871495884443,0.0008644871495884443,17.457579972183588,6.075104311543811,0.9998741740603927,1.0,0.02345242394412289,0.025473327193194933,0.03091768460699854,0.05477410007340535,0.9996294587597834,0.9806343003628568,0.9785524867473443,0.9990807771353073,0.968868427491215,0.9452150874698269,0.0025019572472760056,0.003342101901500352,0.9996294587597834,0.9990807771353073,0.0025019572472760056,0.003342101901500352,binance,0.04087532139937943,0.049322746969464176,-64.53515741780001,-24.650846184200006,11395.184846911394,10434.890776815791,11395.184846911394,10435.099560815792,0.13951848469113948,0.04348907768157906,1.3210089399744573,3.794014732965009,25.7,49.516666666666666,0.0,0.0,0.0,0.0,253,90,29.958333333333332,270,92,523,182,151,73,253,90,119,19,0,0,0,0,1395.1547035821998,434.89077681579874,0.026135033949286676,0.05481706445233436,0.03212819477245155,0.07831396736736661,0.005875607906054094,0.012306335576657857,0.005109965563429534,0.012253819342394955,1459.6898609999998,459.54162299999876,1459.6898609999998,459.54162299999876,1.0155168749285828,0.4605958047980465,10000.0,HOTUSDT,0.015277777777777777,0.0,574963.519994456,122656.6426963213
APEUSDT,0.0006779015735278726,0.0022596719117595754,0.0,0.0,-0.00047042367583938205,-0.001568078919464607,0.0,0.0,7.443671766342142,0.0,1.0,1.0,0.033424301320054875,-0.0,0.03718021923055564,-0.0,0.9973899067900139,0.9694637659330197,1.0,1.0,0.9647909330670141,,0.00696682276510567,0.0,0.9973899067900139,1.0,0.00696682276510567,0.0,binance,0.1548092971267343,0.0,-8.28036716,0.0,10205.094064657593,10000.0,9949.63703283998,10000.0,0.020509406465759383,0.0,3.0816816816816814,,60.86666666666667,,0.12717120981607896,1.0,-31.088668182389036,0.0,99,0,29.958333333333332,124,0,223,0,74,0,95,0,47,0,4,0,3,0,205.09406465761055,0.0,0.11713663603030845,100.0,0.1329403493453704,100.0,0.02299567579134808,100.0,0.02997905485560972,1.0,213.37443181761054,0.0,244.46309999999957,0.0,-0.0444140828119824,0.0,10000.0,APEUSDT,0.12916666666666668,0.0,65989.32219316794,0.0
KSMUSDT,0.0005326719471996366,0.001775573157332122,0.0,0.0,0.0011949947849287268,0.003983315949762423,0.0,0.0,6.1752433936022255,0.0,1.0,1.0,0.026432663397758738,-0.0,0.028305359919992192,-0.0,0.9992839948210435,0.9791962186717076,1.0,1.0,0.9760004585011783,,0.0031765695398753117,0.0,0.9992839948210435,1.0,0.0031765695398753117,0.0,binance,0.07659002156811481,0.0,-8.992449400000002,0.0,10160.8165506,10000.0,10160.8165506,10000.0,0.016081655060000033,0.0,3.799547101449275,,44.7,,0.3666499513969137,1.0,-98.30339751939715,0.0,86,0,29.958333333333332,99,0,185,0,57,0,72,0,29,0,14,0,13,0,160.81655060000048,0.0,0.0801345619920988,100.0,0.08696070899404436,100.0,0.013397910004517292,100.0,0.014923370235464388,1.0,169.80900000000048,0.0,268.11239751939763,0.0,0.08433986387594562,0.0,10000.0,KSMUSDT,0.05694444444444444,0.0,124779.17880059614,0.0
WAVESUSDT,0.00036884079822674387,0.0012294693274224797,0.0,0.0,-0.002601261264224319,-0.00867087088074773,0.0,0.0,16.222531293463145,0.0,1.0,1.0,0.04217213095781417,-0.0,0.046664895295418805,-0.0,0.9980120797712269,0.9625112085339518,1.0,1.0,0.9535001048649442,,0.0066490141620751085,0.0,0.9980120797712269,1.0,0.0066490141620751085,0.0,binance,0.10843222432320705,0.0,-18.093024998,0.0,10111.090707675865,10000.0,9953.200657002002,10000.0,0.011109070767586493,0.0,1.4571134020618557,,41.38333333333333,,0.5869637496647162,1.0,-183.51873116077496,0.0,251,0,29.958333333333332,235,0,486,0,144,0,240,0,81,0,11,0,10,0,111.04593567586394,0.0,0.15723658344313066,100.0,0.18341955595796655,100.0,0.022623689371008098,100.0,0.0345060485467385,1.0,129.13896067386395,0.0,312.6576918346389,0.0,-0.024963579729626685,0.0,10000.0,WAVESUSDT,0.09305555555555556,0.0,244858.51271782123,0.0
SNXUSDT,0.0006432838664849339,0.0021442795549497795,0.0,0.0,0.00016050134666100168,0.0005350044888700056,0.0,0.0,5.240611961057024,0.0,1.0,1.0,0.012383275614870393,-0.0,0.014282249394024284,-0.0,0.9991483304904855,0.9887158947349258,1.0,1.0,0.9864900789581573,,0.0022787609543666147,0.0,0.9991483304904855,1.0,0.0022787609543666147,0.0,binance,0.11310727071231516,0.0,-4.671158420000001,0.0,10194.522941579995,10000.0,10083.129741579995,10000.0,0.01945229415799954,0.0,4.066239316239316,,24.783333333333335,,0.0,1.0,0.0,0.0,56,0,29.958333333333332,101,0,157,0,50,0,56,0,51,0,0,0,0,0,194.52294157999958,0.0,0.06906234693501122,100.0,0.08125346084952516,100.0,0.01535672281164519,100.0,0.01552803130372751,1.0,199.1940999999996,0.0,199.1940999999996,0.0,0.13547378136336993,0.0,10000.0,SNXUSDT,0.0,0.0,27545.061663875393,0.0
RENUSDT,0.0006251612805319162,0.0020838709351063875,0.0,0.0,-9.25911777383992e-05,-0.00030863725912799733,0.0,0.0,7.810848400556329,0.0,1.0,1.0,0.034364177456478996,-0.0,0.0357744438816624,-0.0,0.9983879569694694,0.966828935383331,1.0,1.0,0.964300498873145,,0.005959614480692728,0.0,0.9983879569694694,1.0,0.005959614480692728,0.0,binance,0.09311121220708975,0.0,-7.500375593999999,0.0,10188.99311440599,10000.0,10188.99311440599,10000.0,0.018899311440599087,0.0,2.9369098712446355,,43.6,,0.21135941609704165,1.0,-52.66118706158295,0.0,127,0,29.958333333333332,107,0,234,0,69,0,124,0,35,0,3,0,3,0,188.99311440599908,0.0,0.12904887860666206,100.0,0.13506532677643265,100.0,0.020093655182014048,100.0,0.02636071567858272,1.0,196.49348999999907,0.0,249.15467706158202,0.0,0.08379855596766758,0.0,10000.0,RENUSDT,0.07916666666666666,0.0,126758.44478354038,0.0
