,Unnamed: 0.4,Unnamed: 0.3,Unnamed: 0.2,Unnamed: 0.1,Unnamed: 0,symbol,adg_long,adg_per_exposure_long,adg_per_exposure_short,adg_short,adg_weighted_long,adg_weighted_per_exposure_long,adg_weighted_per_exposure_short,adg_weighted_short,avg_fills_per_day_long,avg_fills_per_day_short,closest_bkr_long,closest_bkr_short,drawdown_1pct_worst_mean_long,drawdown_1pct_worst_mean_short,drawdown_max_long,drawdown_max_short,eqbal_ratio_mean_long,eqbal_ratio_mean_of_10_worst_long,eqbal_ratio_mean_of_10_worst_short,eqbal_ratio_mean_short,eqbal_ratio_min_long,eqbal_ratio_min_short,eqbal_ratio_std_long,eqbal_ratio_std_short,equity_balance_ratio_mean_long,equity_balance_ratio_mean_short,equity_balance_ratio_std_long,equity_balance_ratio_std_short,exchange,exposure_ratios_mean_long,exposure_ratios_mean_short,fee_sum_long,fee_sum_short,final_balance_long,final_balance_short,final_equity_long,final_equity_short,gain_long,gain_short,hrs_stuck_avg_long,hrs_stuck_avg_short,hrs_stuck_max_long,hrs_stuck_max_short,loss_profit_ratio_long,loss_profit_ratio_short,loss_sum_long,loss_sum_short,n_closes_long,n_closes_short,n_days,n_entries_long,n_entries_short,n_fills_long,n_fills_short,n_ientries_long,n_ientries_short,n_normal_closes_long,n_normal_closes_short,n_rentries_long,n_rentries_short,n_unstuck_closes_long,n_unstuck_closes_short,n_unstuck_entries_long,n_unstuck_entries_short,net_pnl_plus_fees_long,net_pnl_plus_fees_short,pa_distance_1pct_worst_mean_long,pa_distance_1pct_worst_mean_short,pa_distance_max_long,pa_distance_max_short,pa_distance_mean_long,pa_distance_mean_short,pa_distance_std_long,pa_distance_std_short,pnl_sum_long,pnl_sum_short,profit_sum_long,profit_sum_short,sharpe_ratio_long,sharpe_ratio_short,starting_balance,symbol.1,time_at_max_exposure_long,time_at_max_exposure_short,volume_quote_long,volume_quote_short,LastUpdated,sortino_ratio_long,sortino_ratio_short
0,0,0,0,0,APTUSDT,APTUSDT,0.0009987332247582,0.0009987332247582,0.0,0.0,0.0009965755878993,0.0009965755878993,0.0,0.0,6.291967403958091,0.0,0.9999616069138886,1.0,0.1405095751415696,-0.0,0.1936268704292485,-0.0,0.9977899880968872,0.8233158970525899,1.0,1.0,0.8065665271397426,,0.0144920267135631,0.0,0.9977899880968872,1.0,0.0144920267135631,0.0,binance,0.0496068569709474,0.0,-320.237058682,0.0,17090.32328131796,10000.0,17091.04828131796,10000.0,0.7090323281317961,0.0,3.806208666469253,,105.96666666666668,,0.0699902595134231,1.0,-557.9570611579477,0.0,1223.0,0.0,536.875,2155.0,0.0,3378.0,0.0,1156.0,0.0,1209.0,0.0,999.0,0.0,14.0,0.0,0.0,0.0,7093.730331317992,0.0,0.1484770292629662,100.0,0.2398175690738379,100.0,0.0140395153840605,100.0,0.0218749379417039,1.0,7413.967389999992,0.0,7971.924451157939,0.0,0.1048826321906749,0.0,10000.0,,0.0252211702623001,0.0,3205277.0291067697,0.0,2024-04-08 20:34:04.950859,,
1,1,1,1,1,XTZUSDT,XTZUSDT,0.0010586053366028,0.0010586053366028,0.0,0.0,0.0007499324173811,0.0007499324173811,0.0,0.0,6.07986419229137,0.0,0.9999590107510538,1.0,0.0485412202976326,-0.0,0.1144350675390776,-0.0,0.9991922130473568,0.912007724132588,1.0,1.0,0.8686091640735458,,0.0049905552376479,0.0,0.9991922130473568,1.0,0.0049905552376479,0.0,binance,0.040065259641663,0.0,-916.32761416,0.0,31350.49478584004,10000.0,31350.983185840032,10000.0,2.1350494785840035,0.0,3.942894135567403,,110.53333333333332,,0.0185316242438097,1.0,-420.4316675028062,0.0,2293.0,0.0,1079.9583333333333,4273.0,0.0,6566.0,0.0,2162.0,0.0,2278.0,0.0,2111.0,0.0,15.0,0.0,0.0,0.0,21350.49478584001,0.0,0.0502005375665466,100.0,0.1512624818849174,100.0,0.011699033980885,100.0,0.0102224541967311,1.0,22266.82240000001,0.0,22687.25406750281,0.0,0.1777551258458033,0.0,10000.0,,0.0138888888888888,0.0,9163844.037248896,0.0,2024-04-08 20:34:09.177506,,
2,2,2,2,2,OCEANUSDT,OCEANUSDT,0.000882894068344,0.000882894068344,0.0,0.0,0.0009502029332782,0.0009502029332782,0.0,0.0,7.520660519310159,0.0,0.9999559384864686,1.0,0.3035348810333826,-0.0,0.3530619519173457,-0.0,0.9900207479670696,0.7109080026417508,1.0,1.0,0.6835752861804827,,0.0399768885064533,0.0,0.9900207479670696,1.0,0.0399768885064533,0.0,binance,0.0925757936454205,0.0,-968.898184444,0.0,25936.55159555605,10000.0,25936.55159555605,10000.0,1.5936551595556052,0.0,3.1844313097730166,,128.25,,0.284609599831569,1.0,-6725.633019014063,0.0,2905.0,0.0,1079.9583333333333,5217.0,0.0,8122.0,0.0,2700.0,0.0,2830.0,0.0,2517.0,0.0,75.0,0.0,0.0,0.0,15936.551595555988,0.0,0.3162968500057567,100.0,0.4628878705637489,100.0,0.0322091690152799,100.0,0.0645428764930769,1.0,16905.449779999988,0.0,23631.082799014053,0.0,0.0560999547338558,0.0,10000.0,,0.0697916666666666,0.0,10796110.273296474,0.0,2024-04-08 20:34:13.420105,,
3,3,3,3,3,RNDRUSDT,RNDRUSDT,0.0011862649461464,0.0011862649461464,0.0,0.0,0.0013051309659412,0.0013051309659412,0.0,0.0,7.525443442861297,0.0,0.9999584318190936,1.0,0.0162347768505772,-0.0,0.0543612780477271,-0.0,0.9995983035530926,0.9581670330940126,1.0,1.0,0.9190623537602806,,0.0020092786360556,0.0,0.9995983035530926,1.0,0.0020092786360556,0.0,binance,0.0274485021849929,0.0,-285.88572069,0.0,16646.97486931,10000.0,16646.97486931,10000.0,0.6646974869310001,0.0,3.1710472067614925,,88.63333333333334,,0.0024363579570282,1.0,-16.93218292200613,0.0,1201.0,0.0,429.875,2034.0,0.0,3235.0,0.0,1151.0,0.0,1197.0,0.0,883.0,0.0,4.0,0.0,0.0,0.0,6646.974869310013,0.0,0.03464182566417,100.0,0.0574865083672278,100.0,0.0118112615923562,100.0,0.0091205142381457,1.0,6932.860590000013,0.0,6949.792772922019,0.0,0.2705463418881383,0.0,10000.0,,0.0035859662725334,0.0,2443938.266150648,0.0,2024-04-08 20:34:16.085531,,
4,4,4,4,4,SANDUSDT,SANDUSDT,0.0010767506801763,0.0010767506801763,0.0,0.0,0.0009487564328635,0.0009487564328635,0.0,0.0,7.841043250125391,0.0,0.9999292162920834,1.0,0.2527401141589377,-0.0,0.3471863691957553,-0.0,0.992575611070972,0.7050458750098898,1.0,1.0,0.6529929978841251,,0.0326667869936348,0.0,0.992575611070972,1.0,0.0326667869936348,0.0,binance,0.083929868013813,0.0,-1213.047395684,0.0,31970.23662349603,10000.0,31972.91202349603,10000.0,2.197023662349603,0.0,3.0561040903901424,,127.5,,0.221527816898151,1.0,-6599.0158329834085,0.0,3013.0,0.0,1079.9583333333333,5455.0,0.0,8468.0,0.0,2820.0,0.0,2951.0,0.0,2635.0,0.0,62.0,0.0,0.0,0.0,21976.592324316043,0.0,0.293332705102561,100.0,0.53141012067963,100.0,0.0245932163401997,100.0,0.0508004710588831,1.0,23189.639720000043,0.0,29788.65555298345,0.0,0.0715379019016707,0.0,10000.0,,0.0587577160493827,0.0,13461477.569641232,0.0,2024-04-08 20:34:20.068646,,
5,5,5,5,5,GMTUSDT,GMTUSDT,-0.0005408006628778,-0.0005408006628778,0.0,0.0,0.0011758443834109,0.0011758443834109,0.0,0.0,6.213635109025669,0.0,0.999815219026608,1.0,0.7844771080234686,-0.0,0.8080574936649987,-0.0,0.9691601797620032,0.3600304467846764,1.0,1.0,0.3444799126257941,,0.1003356497566174,0.0,0.9691601797620032,1.0,0.1003356497566174,0.0,binance,0.1453762510509637,0.0,-203.435667982,0.0,6647.779202017957,10000.0,6647.779202017957,10000.0,-0.3352220797982043,0.0,3.842258477287268,,129.16666666666666,,1.669714219897044,1.0,-7850.469873208909,0.0,1699.0,0.0,754.7916666666666,2991.0,0.0,4690.0,0.0,1524.0,0.0,1609.0,0.0,1467.0,0.0,90.0,0.0,0.0,0.0,-3352.2207979819927,0.0,1.1662450250253231,100.0,1.9030424047355288,100.0,0.0934042308558048,100.0,0.226293316888444,1.0,-3148.785129999993,0.0,4701.684743208916,0.0,0.0011606694899257,0.0,10000.0,,0.1185140207551335,0.0,2893422.167619769,0.0,2024-04-08 20:34:42.834537,,
6,6,6,6,6,SUSHIUSDT,SUSHIUSDT,0.0012789479749408,0.0012789479749408,0.0,0.0,0.001079172708652,0.001079172708652,0.0,0.0,8.371619275435009,0.0,0.9992467953608534,1.0,0.2282393600559054,-0.0,0.402467318299826,-0.0,0.9940967487529516,0.739095737590166,1.0,1.0,0.5884243078764715,,0.0251373982586641,0.0,0.9940967487529516,1.0,0.0251373982586641,0.0,binance,0.0879872037278345,0.0,-1511.26135474,0.0,39762.05718813999,10000.0,39766.60198813999,10000.0,2.9762057188139988,0.0,2.863969395280236,,113.85,,0.1693259071096157,1.0,-6376.411393006418,0.0,3183.0,0.0,1079.9583333333333,5858.0,0.0,9041.0,0.0,2956.0,0.0,3113.0,0.0,2902.0,0.0,70.0,0.0,0.0,0.0,29769.951545260028,0.0,0.2105196237226446,100.0,0.6997980724358009,100.0,0.0214776259557668,100.0,0.0371532785069127,1.0,31281.212900000028,0.0,37657.62429300645,0.0,0.1010502142799101,0.0,10000.0,,0.0617283950617283,0.0,17052557.89031824,0.0,2024-04-08 20:34:46.838840,,
7,7,7,7,7,LTCUSDT,LTCUSDT,0.000266144427967,0.000266144427967,0.0,0.0,0.0004795857477064,0.0004795857477064,0.0,0.0,4.57980631968826,0.0,0.9999660403489804,1.0,0.449203320308384,-0.0,0.520855480403662,-0.0,0.9882466189641944,0.6075329756311132,1.0,1.0,0.5932695567454515,,0.042129622047294,0.0,0.9882466189641944,1.0,0.042129622047294,0.0,binance,0.1182379512574146,0.0,-420.255702638,0.0,13329.394967362005,10000.0,13326.769487362002,10000.0,0.3329394967362002,0.0,5.234529828109201,,127.58333333333331,,0.6212871171728265,1.0,-6151.387398755559,0.0,1811.0,0.0,1079.9583333333333,3135.0,0.0,4946.0,0.0,1637.0,0.0,1706.0,0.0,1498.0,0.0,105.0,0.0,0.0,0.0,3329.3949673620127,0.0,0.406492745795971,100.0,0.6855662158590361,100.0,0.0326555520101543,100.0,0.0687005057114265,1.0,3749.6506700000127,0.0,9901.038068755572,0.0,0.0245698900530912,0.0,10000.0,,0.0976466049382716,0.0,6105156.578013805,0.0,2024-04-08 20:35:01.428210,,
8,8,8,8,8,GALUSDT,GALUSDT,0.0010132040066845,0.0010132040066845,0.0,0.0,0.0011164973643169,0.0011164973643169,0.0,0.0,7.10005331437711,0.0,0.9995965382883514,1.0,0.2793543845174177,-0.0,0.7165526205408699,-0.0,0.9938776994814202,0.3547853462926077,1.0,1.0,0.2841980058900505,,0.035000044417076,0.0,0.9938776994814202,1.0,0.035000044417076,0.0,binance,0.0810691520318259,0.0,-522.3625059000001,0.0,20386.780349219927,10000.0,20385.94314921993,10000.0,1.0386780349219928,0.0,3.375278723546298,,76.83333333333333,,0.1477359672556973,1.0,-1891.7461223387031,0.0,1801.0,0.0,703.375,3193.0,0.0,4994.0,0.0,1675.0,0.0,1761.0,0.0,1518.0,0.0,40.0,0.0,0.0,0.0,10390.8037941,0.0,0.4659596932385285,100.0,2.52138810934096,100.0,0.0244476126150906,100.0,0.0947324003158967,1.0,10913.1663,0.0,12804.912422338704,0.0,0.04210489421076,0.0,10000.0,,0.0552067290605378,0.0,5782082.992052342,0.0,2024-04-08 20:35:16.727004,,
9,9,9,9,9,INJUSDT,INJUSDT,0.0012283090748517,0.0012283090748517,0.0,0.0,0.0014068874710999,0.0014068874710999,0.0,0.0,6.889768701812877,0.0,0.9999634932542232,1.0,0.0153405434850147,-0.0,0.05720128829029,-0.0,0.9996066729649888,0.9652133430673328,1.0,1.0,0.8967714707343382,,0.0017882117299546,0.0,0.9996066729649888,1.0,0.0017882117299546,0.0,binance,0.0279605705078952,0.0,-418.74122236,0.0,20883.61417763996,10000.0,20883.61417763996,10000.0,1.0883614177639962,0.0,3.477117618586641,,115.25,,0.0021345244556677,1.0,-24.176759893199105,0.0,1507.0,0.0,599.875,2626.0,0.0,4133.0,0.0,1443.0,0.0,1502.0,0.0,1183.0,0.0,5.0,0.0,0.0,0.0,10883.614177640004,0.0,0.0342322512319565,100.0,0.0604606699464895,100.0,0.0117730257078365,100.0,0.0088790999032157,1.0,11302.355400000004,0.0,11326.532159893202,0.0,0.2732826437353424,0.0,10000.0,,0.0044450618141408,0.0,3730712.24515863,0.0,2024-04-08 20:35:20.021057,,
10,10,10,10,10,XRPUSDT,XRPUSDT,0.000977603163266,0.000977603163266,0.0,0.0,0.0005965286162719,0.0005965286162719,0.0,0.0,5.160384274084649,0.0,0.9999595542369524,1.0,0.0594459302571328,-0.0,0.1651534590102883,-0.0,0.9992111970425592,0.8553773019507078,1.0,1.0,0.8343800792141922,,0.0067254721567968,0.0,0.9992111970425592,1.0,0.0067254721567968,0.0,binance,0.0329510357211031,0.0,-748.948068064,0.0,28727.074761936023,10000.0,28728.601961936027,10000.0,1.8727074761936024,0.0,4.645884182818857,,153.38333333333333,,0.0177669413756149,1.0,-352.2884439822875,0.0,1978.0,0.0,1079.9583333333333,3595.0,0.0,5573.0,0.0,1871.0,0.0,1965.0,0.0,1724.0,0.0,13.0,0.0,0.0,0.0,18727.07476193597,0.0,0.0656417771784146,100.0,0.1984921089374469,100.0,0.0103639392802709,100.0,0.0117108140841508,1.0,19476.022829999973,0.0,19828.31127398226,0.0,0.128230644119899,0.0,10000.0,,0.0102237654320987,0.0,7225274.75197188,0.0,2024-04-08 20:35:24.083882,,
11,11,11,11,11,KAVAUSDT,KAVAUSDT,-2.887327753486879e-05,-2.887327753486879e-05,0.0,0.0,0.0007374614480078,0.0007374614480078,0.0,0.0,5.854855511400904,0.0,0.9999554869447684,1.0,0.68290042116072,-0.0,0.7831407525975417,-0.0,0.9755275091801192,0.3580696441584051,1.0,1.0,0.3417607309537308,,0.069958296935375,0.0,0.9755275091801192,1.0,0.069958296935375,0.0,binance,0.1791852421441174,0.0,-482.6617823060001,0.0,9692.987695986005,10000.0,9694.400995986003,10000.0,-0.0307012304013997,0.0,4.095252029948329,,129.3,,0.984119946593634,1.0,-11004.345754643084,0.0,2308.0,0.0,1079.9583333333333,4015.0,0.0,6323.0,0.0,2037.0,0.0,2139.0,0.0,1978.0,0.0,169.0,0.0,0.0,0.0,-305.09237230601275,0.0,0.768684688860951,100.0,1.926026833168275,100.0,0.0636182267444977,100.0,0.1371163774411929,1.0,177.56940999998733,0.0,11181.915164643073,0.0,0.0130059755491651,0.0,10000.0,,0.1568672839506172,0.0,7721572.160372425,0.0,2024-04-08 20:35:42.750326,,
12,12,12,12,12,ONEUSDT,ONEUSDT,0.0004310453141604,0.0004310453141604,0.0,0.0,0.0010369044346108,0.0010369044346108,0.0,0.0,7.187314325398357,0.0,0.9999651018878096,1.0,0.5724320915583508,-0.0,0.6561260350745776,-0.0,0.9812552141677982,0.4870671387512448,1.0,1.0,0.4640829518382489,,0.0614926584646762,0.0,0.9812552141677982,1.0,0.0614926584646762,0.0,binance,0.1432334821190099,0.0,-602.228554216,0.0,15926.681311156037,10000.0,15928.253091156035,10000.0,0.5926681311156037,0.0,3.33593609070996,,113.61666666666666,,0.5411790640613005,1.0,-7704.61153167701,0.0,2723.0,0.0,1079.9583333333333,5039.0,0.0,7762.0,0.0,2471.0,0.0,2597.0,0.0,2568.0,0.0,126.0,0.0,0.0,0.0,5929.873865783976,0.0,0.5976409995525133,100.0,1.154782495248842,100.0,0.0510207142117491,100.0,0.1090568355780188,1.0,6532.102419999976,0.0,14236.713951676986,0.0,0.029171032539218,0.0,10000.0,,0.1175925925925926,0.0,7960431.836946698,0.0,2024-04-08 20:35:58.507758,,
13,13,13,13,AVAXUSDT,,AVAXUSDT,0.0003275505288087,0.0003275505288087,0.0,0.0,0.0009265373879678,0.0009265373879678,0.0,0.0,7.200463409924696,0.0,0.9737464985297812,1.0,0.6447914648780482,-0.0,0.6814223929096144,-0.0,0.9789987804466634,0.4873634326214736,1.0,1.0,0.4606074359823205,,0.0700721530425191,0.0,0.9789987804466634,1.0,0.0700721530425191,0.0,binance,0.1381151344370604,0.0,-510.5077539800001,0.0,14238.372346020024,10000.0,14238.372346020024,10000.0,0.4238372346020025,0.0,3.326950308959836,,169.13333333333333,,0.6169019715793231,1.0,-7647.111911698098,0.0,2739.0,0.0,1078.9583333333333,5030.0,0.0,7769.0,0.0,2508.0,0.0,2616.0,0.0,2522.0,0.0,123.0,0.0,0.0,0.0,4238.372346020003,0.0,0.6567512627453801,100.0,1.172649958580274,100.0,0.0577303496379056,100.0,0.1282010746734359,1.0,4748.880100000003,0.0,12395.9920116981,0.0,0.0262613482128628,0.0,10000.0,,0.1123725671918443,0.0,6488097.503258721,0.0,2024-04-08 20:39:02.663418,,
14,14,14,14,CHRUSDT,,CHRUSDT,0.0011620929819533,0.0011620929819533,0.0,0.0,0.0010652523230739,0.0010652523230739,0.0,0.0,8.004012500482272,0.0,0.9999610208223124,1.0,0.2504482757890716,-0.0,0.3187349657048586,-0.0,0.9932157403408638,0.7334275251473429,1.0,1.0,0.7136067172121024,,0.0290254898561669,0.0,0.9932157403408638,1.0,0.0290254898561669,0.0,binance,0.0965097496221779,0.0,-1298.0882811400002,0.0,35053.253618859846,10000.0,35053.253618859846,10000.0,2.5053253618859848,0.0,2.988869605461067,,118.9,,0.1564916013830193,1.0,-4888.8235129416535,0.0,3052.0,0.0,1079.9583333333333,5592.0,0.0,8644.0,0.0,2812.0,0.0,2980.0,0.0,2780.0,0.0,72.0,0.0,0.0,0.0,25053.25361886001,0.0,0.2544293379030481,100.0,0.4013225661138514,100.0,0.0238429732701771,100.0,0.0448453374796044,1.0,26351.34190000001,0.0,31240.165412941664,0.0,0.0753778614266112,0.0,10000.0,,0.0685570987654321,0.0,15096056.27372403,0.0,2024-04-08 20:39:17.607263,,
15,15,15,15,SKLUSDT,,SKLUSDT,0.0014104197336823,0.0014104197336823,0.0,0.0,0.0011552604646976,0.0011552604646976,0.0,0.0,8.740152012037502,0.0,0.9999450406822282,1.0,0.1434161305715805,-0.0,0.2861376650437913,-0.0,0.9970983992135836,0.8075159764282949,1.0,1.0,0.7083968136250816,,0.0159043470359453,0.0,0.9970983992135836,1.0,0.0159043470359453,0.0,binance,0.0606936947397174,0.0,-1647.2843414960005,0.0,45819.34926850417,10000.0,45803.11891850417,10000.0,3.5819349268504173,0.0,2.7389789503425868,,111.46666666666668,,0.0610894823111824,1.0,-2437.7373648041616,0.0,3297.0,0.0,1079.9583333333333,6142.0,0.0,9439.0,0.0,3100.0,0.0,3260.0,0.0,3042.0,0.0,37.0,0.0,0.0,0.0,35819.34926850401,0.0,0.1476435581248206,100.0,0.4116271356364739,100.0,0.016441546648993,100.0,0.0238484991178047,1.0,37466.63361000001,0.0,39904.37097480417,0.0,0.1285635554336392,0.0,10000.0,,0.0325231481481481,0.0,16944337.972041246,0.0,2024-04-08 20:39:34.809892,,
16,16,16,16,ZILUSDT,,ZILUSDT,0.0008976251393775,0.0008976251393775,0.0,0.0,0.0009663876453544,0.0009663876453544,0.0,0.0,6.933600833365485,0.0,0.9999550991163154,1.0,0.2196802354369869,-0.0,0.2951093509168641,-0.0,0.9921816240761252,0.7358787654821728,1.0,1.0,0.7254734142505873,,0.0295073785705878,0.0,0.9921816240761252,1.0,0.0295073785705878,0.0,binance,0.107514363490727,0.0,-898.902296174,0.0,26352.10149035812,10000.0,26355.22829035811,10000.0,1.635210149035811,0.0,3.4580227950670053,,121.16666666666669,,0.2215524007719289,1.0,-4911.300928676119,0.0,2769.0,0.0,1079.9583333333333,4719.0,0.0,7488.0,0.0,2561.0,0.0,2681.0,0.0,2158.0,0.0,88.0,0.0,0.0,0.0,16357.468673826004,0.0,0.2488260725556459,100.0,0.3784072412849333,100.0,0.0243152992633337,100.0,0.0434901839011161,1.0,17256.370970000004,0.0,22167.671898676123,0.0,0.0594004531313289,0.0,10000.0,,0.0825231481481481,0.0,11002403.349420186,0.0,2024-04-08 20:39:50.933127,,
17,17,17,ALGOUSDT,,,ALGOUSDT,0.0004735114666276,0.0004735114666276,0.0,0.0,0.0005116069675008,0.0005116069675008,0.0,0.0,3.403835024499402,0.0,0.9998428006122448,1.0,0.0180085259166407,-0.0,0.157743320837776,-0.0,0.999646437605008,0.945386913151322,1.0,1.0,0.8416988754285715,,0.0021586442839204,0.0,0.999646437605008,1.0,0.0021586442839204,0.0,binance,0.0148982564570793,0.0,-222.259128416,0.0,16673.768151584012,10000.0,16673.768151584012,10000.0,0.6673768151584012,0.0,7.035814058956916,,171.9,,0.0189668492620417,1.0,-133.32465862983267,0.0,1557.0,0.0,1079.9583333333333,2119.0,0.0,3676.0,0.0,1521.0,0.0,1548.0,0.0,598.0,0.0,9.0,0.0,0.0,0.0,6673.768151583997,0.0,0.0595522859975666,100.0,0.1880578449671808,100.0,0.0168421154812494,100.0,0.0136163380013119,1.0,6896.027279999997,0.0,7029.351938629829,0.0,0.2106556624221086,0.0,10000.0,,0.0012345679012345,0.0,1055244.4359244064,0.0,2024-04-08 20:50:53.890347,,
18,18,18,TRXUSDT,,,TRXUSDT,0.0002959195513287,0.0002959195513287,0.0,0.0,0.0001264152488719,0.0001264152488719,0.0,0.0,2.035263706161503,0.0,0.9998240974430038,1.0,0.0321458031405631,-0.0,0.216269107086978,-0.0,0.9992993433833568,0.8574896971311089,1.0,1.0,0.7839030014912952,,0.0043040219476087,0.0,0.9992993433833568,1.0,0.0043040219476087,0.0,binance,0.0285840302339308,0.0,-146.64898620000002,0.0,13764.854973800027,10000.0,13764.854973800027,10000.0,0.3764854973800027,0.0,11.778887877408588,,269.6,,0.0275279371015823,1.0,-110.72362805214895,0.0,948.0,0.0,1079.9583333333333,1250.0,0.0,2198.0,0.0,886.0,0.0,932.0,0.0,364.0,0.0,16.0,0.0,0.0,0.0,3764.8549738,0.0,0.0732391870276394,100.0,0.2756322778749772,100.0,0.0137273640278211,100.0,0.0136933311770989,1.0,3911.50396,0.0,4022.227588052148,0.0,0.065680657925113,0.0,10000.0,,0.0012731481481481,0.0,825077.5935469291,0.0,2024-04-08 20:56:09.268527,,
19,19,19,ALPHAUSDT,,,ALPHAUSDT,0.0003549582625876,0.0003549582625876,0.0,0.0,0.0005577896062269,0.0005577896062269,0.0,0.0,5.151124657587099,0.0,0.999936014533486,1.0,0.1143077290550512,-0.0,0.2809226406447877,-0.0,0.9945324105661886,0.8234924241163416,1.0,1.0,0.7192152988557238,,0.0128540434289189,0.0,0.9945324105661886,1.0,0.0128540434289189,0.0,binance,0.0822734813423044,0.0,-287.264036966,0.0,14670.771893033932,10000.0,14646.320393033931,10000.0,0.4670771893033931,0.0,4.652562028047464,,270.65,,0.4850189320276827,1.0,-4669.572225619644,0.0,2202.0,0.0,1079.9583333333333,3361.0,0.0,5563.0,0.0,2007.0,0.0,2153.0,0.0,1354.0,0.0,49.0,0.0,0.0,0.0,4670.7718930339925,0.0,0.1830938657223838,100.0,0.390382797270955,100.0,0.0354386000999887,100.0,0.0348778944451105,1.0,4958.035929999993,0.0,9627.608155619637,0.0,0.0411248308413741,0.0,10000.0,,3.8580246913580246e-05,0.0,2634824.6977135986,0.0,2024-04-08 21:02:44.838131,,
20,20,DOTUSDT,,,,DOTUSDT,0.0005131544896062,0.0005131544896062,0.0,0.0,0.0004564601308721,0.0004564601308721,0.0,0.0,5.515953547590571,0.0,0.9998630203525236,1.0,0.0063509752934707,-0.0,0.2151703792382671,-0.0,0.9998289250839932,0.9600659841219776,1.0,1.0,0.7848592382027316,,0.001520787813192,0.0,0.9998289250839932,1.0,0.001520787813192,0.0,binance,0.0125925578861168,0.0,-283.38300462000007,0.0,17402.753095380016,10000.0,17402.753095380016,10000.0,0.7402753095380017,0.0,4.349843295276472,,149.96666666666667,,0.0153641960481119,1.0,-119.93399124722558,0.0,2195.0,0.0,1079.9583333333333,3762.0,0.0,5957.0,0.0,2094.0,0.0,2187.0,0.0,1668.0,0.0,8.0,0.0,0.0,0.0,7402.753095379999,0.0,0.0360018257208333,100.0,0.2741252861040277,100.0,0.0117940978441312,100.0,0.0092066488275551,1.0,7686.136099999999,0.0,7806.070091247225,0.0,0.2282264086882119,0.0,10000.0,,7.716049382716049e-05,0.0,2297790.307535124,0.0,2024-04-08 21:27:00.431462,,
21,21,BNBUSDT,,,,BNBUSDT,0.0002636941411702,0.0002636941411702,0.0,0.0,0.0001284130104146,0.0001284130104146,0.0,0.0,24.39168177784637,0.0,0.999756298599953,1.0,0.0084563400998502,-0.0,0.1814688219064498,-0.0,0.999831223614304,0.8676020970423843,1.0,1.0,0.8186560599007526,,0.0027892058832219,0.0,0.999831223614304,1.0,0.0027892058832219,0.0,binance,0.0090396696474799,0.0,-493.199464502,0.0,13294.178565497865,10000.0,13293.326065497862,10000.0,0.3294178565497863,0.0,0.9821096389658708,,179.28333333333333,,0.016766982697358,1.0,-64.58581107413906,0.0,12565.0,0.0,1079.9583333333333,13777.0,0.0,26342.0,0.0,12551.0,0.0,12560.0,0.0,1226.0,0.0,5.0,0.0,0.0,0.0,3294.17856549801,0.0,0.0391758256670451,100.0,0.221463045476832,100.0,0.0119577186732059,100.0,0.0086682722813477,1.0,3787.37803000001,0.0,3851.963841074149,0.0,0.0684290381099717,0.0,10000.0,,0.000733024691358,0.0,1592562.385734952,0.0,2024-04-08 21:32:48.056696,,
22,22,NEARUSDT,,,,NEARUSDT,0.0004852402044162,0.0004852402044162,0.0,0.0,0.0005990782277899,0.0005990782277899,0.0,0.0,9.779080983062618,0.0,0.9995447315727056,1.0,0.0650413339165532,-0.0,0.1059379378628597,-0.0,0.9989533525853782,0.9113393450031204,1.0,1.0,0.8942478371317882,,0.006212065950702,0.0,0.9989533525853782,1.0,0.006212065950702,0.0,binance,0.0300460890370731,0.0,-371.0101996,0.0,16886.2080004003,10000.0,16884.6840004003,10000.0,0.68862080004003,0.0,2.450451388888889,,149.0,,0.0850536343613524,1.0,-674.6327505574596,0.0,4451.0,0.0,1079.9583333333333,6110.0,0.0,10561.0,0.0,4208.0,0.0,4414.0,0.0,1902.0,0.0,37.0,0.0,0.0,0.0,6886.208000399996,0.0,0.0680978591520304,100.0,0.1182416110629062,100.0,0.0129535599149951,100.0,0.0121345472119517,1.0,7257.218199999997,0.0,7931.850950557457,0.0,0.1046464574835544,0.0,10000.0,,0.0087191358024691,0.0,2740207.5312772747,0.0,2024-04-08 21:39:12.678345,,
23,23,OMGUSDT,,,,OMGUSDT,0.0003089544300887,0.0003089544300887,0.0,0.0,0.0002845603895678,0.0002845603895678,0.0,0.0,6.863227747984105,0.0,0.9999739270739054,1.0,0.0083771214818968,-0.0,0.0592414776134286,-0.0,0.9997654305471108,0.9731943728386998,1.0,1.0,0.8419890409453926,,0.0010754055605525,0.0,0.9997654305471108,1.0,0.0010754055605525,0.0,binance,0.0106070116457946,0.0,-261.30736313200003,0.0,13959.93543686797,10000.0,13959.93543686797,10000.0,0.3959935436867969,0.0,3.494281023703504,,113.15,,0.0,1.0,0.0,0.0,3123.0,0.0,1079.9583333333333,4289.0,0.0,7412.0,0.0,3105.0,0.0,3123.0,0.0,1184.0,0.0,0.0,0.0,0.0,0.0,3959.935436868001,0.0,0.0494615099851064,100.0,0.0869659553376352,100.0,0.0157980621583366,100.0,0.0121354311661798,1.0,4221.242800000001,0.0,4221.242800000001,0.0,0.2311340268743829,0.0,10000.0,,0.0,0.0,1217698.9009890058,0.0,2024-04-08 21:46:56.330510,,
24,COTIUSDT,,,,,COTIUSDT,0.001706563873888,0.001706563873888,0.0,0.0,0.002031494427547,0.002031494427547,0.0,0.0,15.48578263050272,0.0,0.999970264050106,1.0,0.0862750228315099,-0.0,0.2248975985107616,-0.0,0.9986184458930428,0.8032723136121438,1.0,1.0,0.7557492949065363,,0.0089200533011393,0.0,0.9986184458930428,1.0,0.0089200533011393,0.0,binance,0.0530963347916946,0.0,-1497.4481378740002,0.0,63056.56262212622,10000.0,63051.10649212622,10000.0,5.305656262212622,0.0,1.5494787617851662,,102.28333333333332,,0.0572611014380974,1.0,-3313.560890240814,0.0,4578.0,0.0,1079.9583333333333,12146.0,0.0,16724.0,0.0,4422.0,0.0,4487.0,0.0,7724.0,0.0,91.0,0.0,0.0,0.0,53056.56262212602,0.0,0.0849187954676637,100.0,0.26596073048971,100.0,0.012004094173476,100.0,0.0119492383470753,1.0,54554.01076000002,0.0,57867.57165024083,0.0,0.1624345162258599,0.0,10000.0,,0.0230709876543209,0.0,22500049.900229678,0.0,2024-04-09 04:34:11.590063,,
25,GRTUSDT,,,,,GRTUSDT,0.0012932630024642,0.0012932630024642,0.0,0.0,0.0011796996060225,0.0011796996060225,0.0,0.0,19.698629078972772,0.0,0.9999747493653652,1.0,0.0997407515050848,-0.0,0.2249046148124985,-0.0,0.996863752378853,0.8195604078673547,1.0,1.0,0.7940289712973599,,0.0110141315580642,0.0,0.996863752378853,1.0,0.0110141315580642,0.0,binance,0.0926740467698352,0.0,-1949.094257746,0.0,40328.58284225399,10000.0,38862.84857225399,10000.0,3.032858284225399,0.0,1.2150974764346991,,87.71666666666667,,0.0433829472950381,1.0,-1463.804936861647,0.0,8009.0,0.0,1078.9583333333333,13245.0,0.0,21254.0,0.0,7269.0,0.0,7991.0,0.0,5976.0,0.0,18.0,0.0,0.0,0.0,30328.58284225401,0.0,0.1041190292217775,100.0,0.2594008644085531,100.0,0.0163528274934879,100.0,0.0152619331963231,1.0,32277.67710000001,0.0,33741.482036861664,0.0,0.1484258097080502,0.0,10000.0,,0.0149830089589125,0.0,21980166.280465603,0.0,2024-04-09 09:51:44.376943,,
26,EGLDUSDT,,,,,EGLDUSDT,0.0014939627694394,0.0014939627694394,0.0,0.0,0.0014125892706223,0.0014125892706223,0.0,0.0,27.170492688761144,0.0,0.9991940595211672,1.0,0.0822829603960537,-0.0,0.170290706167855,-0.0,0.9990261318162208,0.8420948021227748,1.0,1.0,0.8301364492810144,,0.008430658117877,0.0,0.9990261318162208,1.0,0.008430658117877,0.0,binance,0.0309970604610199,0.0,-2949.56510574,0.0,50138.97459426013,10000.0,50138.97459426013,10000.0,4.013897459426013,0.0,0.8821717447117897,,99.85,,0.0352230768320782,1.0,-1573.1211101646466,0.0,9379.0,0.0,1079.9583333333333,19964.0,0.0,29343.0,0.0,8816.0,0.0,9339.0,0.0,11148.0,0.0,40.0,0.0,0.0,0.0,40138.97459425998,0.0,0.0830637401665519,100.0,0.2045890280218937,100.0,0.0063745922019383,100.0,0.0145166228789143,1.0,43088.53969999998,0.0,44661.66081016463,0.0,0.1934670357673463,0.0,10000.0,,0.0126929012345679,0.0,25976910.658529744,0.0,2024-04-09 15:18:14.447905,,
27,COMPUSDT,,,,,COMPUSDT,0.0011245218699369,0.0011245218699369,0.0,0.0,0.0010174813367174,0.0010174813367174,0.0,0.0,8.667927003356612,0.0,0.9999156789784732,1.0,0.0990258626935518,-0.0,0.167436385162856,-0.0,0.9974126401654688,0.8573718414083695,1.0,1.0,0.8353643506318783,,0.0118506542470658,0.0,0.9974126401654688,1.0,0.0118506542470658,0.0,binance,0.0694237305556003,0.0,-914.573730952,0.0,33660.98792904808,10000.0,33660.98792904808,10000.0,2.366098792904808,0.0,2.7655466524216523,,81.41666666666667,,0.0775585936494257,1.0,-2066.305770070729,0.0,3296.0,0.0,1079.9583333333333,6065.0,0.0,9361.0,0.0,2478.0,0.0,3221.0,0.0,3587.0,0.0,75.0,0.0,0.0,0.0,23660.98792904804,0.0,0.0957519884600639,100.0,0.197068074776711,100.0,0.0119516275745395,100.0,0.0159115368024055,1.0,24575.561660000043,0.0,26641.86743007077,0.0,0.1221440890747852,0.0,10000.0,,0.0449459876543209,0.0,14202723.287263583,0.0,2024-04-09 22:07:12.826029,,
28,ADAUSDT,,,,,ADAUSDT,0.0011942857460331,0.0011942857460331,0.0,0.0,0.0007503100718326,0.0007503100718326,0.0,0.0,9.427215556155716,0.0,0.9897502338011448,1.0,0.0990234373297665,-0.0,0.1420340462821353,-0.0,0.9976125210869474,0.8684677579466877,1.0,1.0,0.8579048641827399,,0.0122237459260236,0.0,0.9976125210869474,1.0,0.0122237459260236,0.0,binance,0.0604248336515835,0.0,-1000.643512412,0.0,36291.89242758803,10000.0,36291.89242758803,10000.0,2.6291892427588026,0.0,2.5427504911591354,,111.41666666666669,,0.0241150551233261,1.0,-674.4247998739571,0.0,3175.0,0.0,1079.9583333333333,7006.0,0.0,10181.0,0.0,2788.0,0.0,3127.0,0.0,4218.0,0.0,48.0,0.0,0.0,0.0,26291.89242758799,0.0,0.1024755248747551,100.0,0.1656270225973306,100.0,0.0111865371949424,100.0,0.0156148879837197,1.0,27292.53593999999,0.0,27966.960739873943,0.0,0.0904391653371141,0.0,10000.0,,0.0340663580246913,0.0,15670475.614126973,0.0,2024-04-10 04:03:14.677533,,
29,HBARUSDT,,,,,HBARUSDT,0.002038684180633,0.002038684180633,0.0,0.0,0.0016990188194282,0.0016990188194282,0.0,0.0,9.943850164124347,0.0,0.9998173654955108,1.0,0.082678001627433,-0.0,0.2346962315679075,-0.0,0.9988950098746708,0.8353862731484627,1.0,1.0,0.7652836541046717,,0.0076225626114649,0.0,0.9988950098746708,1.0,0.0076225626114649,0.0,binance,0.0566667757712616,0.0,-2726.65755634,0.0,90017.24114676398,10000.0,90017.24114676398,10000.0,8.001724114676398,0.0,2.4123244469301515,,111.45,,0.0605149682241515,1.0,-5329.767669948791,0.0,3971.0,0.0,1078.9583333333333,6758.0,0.0,10729.0,0.0,3121.0,0.0,3907.0,0.0,3637.0,0.0,64.0,0.0,0.0,0.0,80017.11800366,0.0,0.0741507285651755,100.0,0.3066616945149709,100.0,0.0078883828647162,100.0,0.0101623671368767,1.0,82743.77556,0.0,88073.54322994879,0.0,0.2599313306600982,0.0,10000.0,,0.0181881371640407,0.0,25700807.49681068,0.0,2024-04-10 10:42:43.873630,,
30,FETUSDT,,,,,FETUSDT,0.0035093276275304,0.0035093276275304,0.0,0.0,0.0051973248701979,0.0051973248701979,0.0,0.0,22.00612642717906,0.0,0.9998089853890244,1.0,0.0985621876460348,-0.0,0.162010559575966,-0.0,0.9972530362180956,0.8689619069903538,1.0,1.0,0.8462335243260959,,0.0120515333742726,0.0,0.9972530362180956,1.0,0.0120515333742726,0.0,binance,0.0988880616989035,0.0,-1828.0242502,0.0,48186.40600758553,10000.0,48148.58714979982,10000.0,3.8186406007585534,0.0,1.0886908980459653,,86.55,,0.0237593818243678,1.0,-973.8563518858116,0.0,4877.0,0.0,448.875,5001.0,0.0,9878.0,0.0,3348.0,0.0,4795.0,0.0,1653.0,0.0,82.0,0.0,0.0,0.0,38186.40600758575,0.0,0.1014572183735023,100.0,0.1817053838302606,100.0,0.0113288316018254,100.0,0.0135024696669175,1.0,40014.43025778575,0.0,40988.28660967156,0.0,0.4096811951796761,0.0,10000.0,,0.0558752552441061,0.0,20947978.45019435,0.0,2024-04-10 14:03:37.661194,,
31,CRVUSDT,,,,,CRVUSDT,0.0010206074091816,0.0010206074091816,0.0,0.0,0.0008708136112873,0.0008708136112873,0.0,0.0,14.07276515297658,0.0,0.99980849994681,1.0,0.0631245112348752,-0.0,0.2387036035774097,-0.0,0.9990852556247332,0.8374753099806072,1.0,1.0,0.7607364383261829,,0.0069633387657149,0.0,0.9990852556247332,1.0,0.0069633387657149,0.0,binance,0.035815903364469,0.0,-1163.6491935200002,0.0,30091.31188487974,10000.0,30075.254484879737,10000.0,2.0091311884879737,0.0,1.7049636989756751,,76.68333333333334,,0.0360413365887615,1.0,-794.6942606248368,0.0,5982.0,0.0,1079.9583333333333,9216.0,0.0,15198.0,0.0,5695.0,0.0,5954.0,0.0,3521.0,0.0,28.0,0.0,0.0,0.0,20091.17900647998,0.0,0.0677348116628911,100.0,0.3144681188884665,100.0,0.0100632964428039,100.0,0.011169097604908,1.0,21254.828199999974,0.0,22049.522460624816,0.0,0.1636523106408935,0.0,10000.0,,0.0114969135802469,0.0,7411579.279344585,0.0,2024-04-10 16:43:52.306413,,
MANAUSDT,,,,,,MANAUSDT,0.0010361883906002678,0.0010361883906002678,0.0,0.0,0.0008174105204902471,0.0008174105204902471,0.0,0.0,37.700528569775074,0.0,0.9941083130229567,1.0,0.09909101071939679,-0.0,0.1783050061324683,-0.0,0.9984927060719151,0.8505823663250369,1.0,1.0,0.8223727881296858,,0.010630361429089697,0.0,0.9984927060719151,1.0,0.010630361429089697,0.0,binance,0.03731113279268176,0.0,-1991.08046728,0.0,30601.407732720374,10000.0,30596.853332720373,10000.0,2.0601407732720376,0.0,0.6364628874588594,,117.88333333333334,,0.007321022242625581,1.0,-166.61993689251116,0.0,16972.0,0.0,1079.9583333333333,23743.0,0.0,40715.0,0.0,16908.0,0.0,16914.0,0.0,6835.0,0.0,58.0,0.0,0.0,0.0,20601.407732720032,0.0,0.10783186274097659,100.0,0.21566737623080956,100.0,0.010191994082975702,100.0,0.01241045722411512,1.0,22592.488200000033,0.0,22759.108136892544,0.0,0.12459834320561497,0.0,10000.0,,0.016589506172839507,0.0,10041875.235935953,0.0,2024-04-10 23:15:03.482221,-0.8147428181096318,-0.9999999999999732
FTMUSDT,,,,,,FTMUSDT,0.0014105026605921722,0.0014105026605921722,0.0,0.0,0.0013456329135173694,0.0013456329135173694,0.0,0.0,21.896215131756627,0.0,0.9929904234754863,1.0,0.08841588555431479,-0.0,0.24316669069521285,-0.0,0.9986833760703495,0.7931363847661764,1.0,1.0,0.7527943674327362,,0.009658845629929086,0.0,0.9986833760703495,1.0,0.009658845629929086,0.0,binance,0.041330495927554396,0.0,-2201.526795512,0.0,45823.447143387755,10000.0,45823.447143387755,10000.0,3.5823447143387757,0.0,1.0952768614846768,,102.4,,0.010792886153553236,1.0,-414.9047542695194,0.0,10094.0,0.0,1079.9583333333333,13553.0,0.0,23647.0,0.0,9269.0,0.0,10056.0,0.0,4284.0,0.0,38.0,0.0,0.0,0.0,35825.99695048802,0.0,0.0975568384792628,100.0,0.32834987466595655,100.0,0.01118604748288708,100.0,0.013500188834044677,1.0,38027.52374600002,0.0,38442.42850026954,0.0,0.1632467492639876,0.0,10000.0,,0.013348765432098765,0.0,15577343.706195096,0.0,2024-04-11 04:28:15.657187,-0.753066890876229,-0.9999999999999732
EOSUSDT,,,,,,EOSUSDT,0.0007272500160360185,0.0007272500160360185,0.0,0.0,0.0005769408389507457,0.0005769408389507457,0.0,0.0,6.0780845723112575,0.0,0.9999352494386484,1.0,0.09539263681658064,-0.0,0.1385527169422464,-0.0,0.9983332134215758,0.8783149721058756,1.0,1.0,0.8036659808549066,,0.009730709807549176,0.0,0.9983332134215758,1.0,0.009730709807549176,0.0,binance,0.04777210237810107,0.0,-477.6172607600001,0.0,21910.640139240015,10000.0,21905.158139240015,10000.0,1.1910640139240014,0.0,3.945887346855778,,113.38333333333334,,0.06233151354347079,1.0,-823.5094226384685,0.0,2395.0,0.0,1078.9583333333333,4163.0,0.0,6558.0,0.0,2225.0,0.0,2305.0,0.0,1938.0,0.0,90.0,0.0,0.0,0.0,11910.640139240013,0.0,0.11517046044433181,100.0,0.17674982595261002,100.0,0.01114718902385845,100.0,0.016494121314643465,1.0,12388.257400000013,0.0,13211.766822638481,0.0,0.11751563883837862,0.0,10000.0,,0.00872721655854186,0.0,3801251.700770437,0.0,2024-04-11 09:39:23.500608,-0.8723352591302591,-0.9999999999999732
VETUSDT,,,,,,VETUSDT,0.0016400774967875176,0.0016400774967875176,0.0,0.0,0.0014181130026553745,0.0014181130026553745,0.0,0.0,25.792661753925692,0.0,0.9998233845904191,1.0,0.07424722000108908,-0.0,0.17040476755244985,-0.0,0.9986748266515019,0.8634667165025005,1.0,1.0,0.8424226536627558,,0.007847286028065545,0.0,0.9986748266515019,1.0,0.007847286028065545,0.0,binance,0.060484520743097944,0.0,-4277.4756935458,0.0,58694.708260605235,10000.0,58692.498319605234,10000.0,4.869470826060524,0.0,0.9302356334218903,,72.36666666666666,,0.03837498425819619,1.0,-2114.1949853673373,0.0,11471.0,0.0,1079.9583333333333,16384.0,0.0,27855.0,0.0,11176.0,0.0,11385.0,0.0,5208.0,0.0,86.0,0.0,0.0,0.0,48701.38085545419,0.0,0.07453911853498221,100.0,0.18705135794537958,100.0,0.008113196594355224,100.0,0.009541804554566552,1.0,52978.85654899999,0.0,55093.051534367325,0.0,0.19740944704918698,0.0,10000.0,,0.026157407407407407,0.0,22643717.066341568,0.0,2024-04-11 14:47:37.482553,-0.7598854424918882,-0.9999999999999732
AXSUSDT,,,,,,AXSUSDT,0.0009511073987837904,0.0009511073987837904,0.0,0.0,0.0007687497737184134,0.0007687497737184134,0.0,0.0,11.289324433813034,0.0,0.9857871175644618,1.0,0.08424728501774292,-0.0,0.16052113933308845,-0.0,0.9980147962200953,0.8917082467888993,1.0,1.0,0.8279291820933891,,0.008688584554584652,0.0,0.9980147962200953,1.0,0.008688584554584652,0.0,binance,0.06100706212271354,0.0,-979.7831898000001,0.0,27917.487810200062,10000.0,27916.75281020006,10000.0,1.7917487810200061,0.0,2.1231222486533783,,104.95,,0.08358464264871245,1.0,-1723.587051330268,0.0,5180.0,0.0,1079.9583333333333,7012.0,0.0,12192.0,0.0,4598.0,0.0,5046.0,0.0,2414.0,0.0,134.0,0.0,0.0,0.0,17917.48781020003,0.0,0.08214304176177638,100.0,0.2077840158088688,100.0,0.013910500376521182,100.0,0.013095475590404644,1.0,18897.27100000003,0.0,20620.8580513303,0.0,0.1411955874829243,0.0,10000.0,,0.013464506172839506,0.0,9684219.416667808,0.0,2024-04-11 19:39:41.763253,-0.8389006088703304,-0.9999999999999732
AAVEUSDT,,,,,,AAVEUSDT,0.0017389253365351909,0.0017389253365351909,0.0,0.0,0.0010986400604485968,0.0010986400604485968,0.0,0.0,14.522782514757514,0.0,0.9900346110406099,1.0,0.05392307455276928,-0.0,0.10376519186726077,-0.0,0.9993365496525458,0.9056902082832687,1.0,1.0,0.8983513317322221,,0.005440613629598492,0.0,0.9993365496525458,1.0,0.005440613629598492,0.0,binance,0.025236368531932972,0.0,-3934.87736324,0.0,65295.36603675985,10000.0,65295.36603675985,10000.0,5.529536603675985,0.0,1.6505717443516332,,113.28333333333333,,0.029599600571140708,1.0,-1806.6682035614422,0.0,7514.0,0.0,1079.9583333333333,8170.0,0.0,15684.0,0.0,6125.0,0.0,7486.0,0.0,2045.0,0.0,28.0,0.0,0.0,0.0,55295.36603676,0.0,0.05417854876539173,100.0,0.11311527420138591,100.0,0.00867865520251605,100.0,0.009811686730642564,1.0,59230.2434,0.0,61036.91160356144,0.0,0.13397255925928359,0.0,10000.0,,0.016165123456790123,0.0,33507885.67043248,0.0,2024-04-12 00:42:15.167155,-0.7802186637044554,-0.9999999999999732
CHZUSDT,,,,,,CHZUSDT,0.001263071260159343,0.001263071260159343,0.0,0.0,0.0007261953798012311,0.0007261953798012311,0.0,0.0,14.375902683915815,0.0,0.9858515215138176,1.0,0.09122543565482188,-0.0,0.24827040132179362,-0.0,0.9986473480729484,0.8549893698605805,1.0,1.0,0.7483696344627032,,0.009855482407774362,0.0,0.9986473480729484,1.0,0.009855482407774362,0.0,binance,0.03180442407767748,0.0,-1582.129325526,0.0,39037.644384474144,10000.0,39037.644384474144,10000.0,2.9037644384474146,0.0,1.6683644960240704,,117.25,,0.0015541599562019367,1.0,-47.66210069637762,0.0,6035.0,0.0,1078.9583333333333,9476.0,0.0,15511.0,0.0,5853.0,0.0,6006.0,0.0,3623.0,0.0,29.0,0.0,0.0,0.0,29037.644384474024,0.0,0.09954160621902403,100.0,0.3362345480411899,100.0,0.012112533908171344,100.0,0.015113024090509217,1.0,30619.773710000023,0.0,30667.4358106964,0.0,0.06914257742529888,0.0,10000.0,,0.015948409020698176,0.0,14692136.471169692,0.0,2024-04-12 04:40:53.606382,-0.7999208895884595,-0.9999999999999732
GALAUSDT,,,,,,GALAUSDT,0.0027022811299206584,0.0027022811299206584,0.0,0.0,0.002515151511574354,0.002515151511574354,0.0,0.0,18.27462154942119,0.0,0.999850458859059,1.0,0.09636677742684625,-0.0,0.16093452284023715,-0.0,0.998165620193199,0.8576412123801036,1.0,1.0,0.8392393120670453,,0.010063039842497205,0.0,0.998165620193199,1.0,0.010063039842497205,0.0,binance,0.07240465726363099,0.0,-5290.8905771380005,0.0,124968.17623403388,10000.0,122774.73090286177,10000.0,11.496817623403388,0.0,1.3125567705592265,,107.05,,0.09456027012920773,1.0,-12559.344888448442,0.0,6920.0,0.0,935.8333333333334,10182.0,0.0,17102.0,0.0,5957.0,0.0,6679.0,0.0,4225.0,0.0,241.0,0.0,0.0,0.0,114968.17623403411,0.0,0.09393995581598658,100.0,0.1915291844779708,100.0,0.010469335397735272,100.0,0.011768229787193012,1.0,120259.0668111721,0.0,132818.41169962054,0.0,0.21399303583656729,0.0,10000.0,,0.042607185788700416,0.0,53664878.04932914,0.0,2024-04-12 09:16:39.084063,-0.5280897748598101,-0.9999999999999745
DYDXUSDT,,,,,,DYDXUSDT,0.0015594119768294057,0.0015594119768294057,0.0,0.0,0.0013416210435133191,0.0013416210435133191,0.0,0.0,8.04057152937026,0.0,0.9866927668400263,1.0,0.08872374619178285,-0.0,0.17771584670106372,-0.0,0.9982886524098888,0.8606924979771821,1.0,1.0,0.835373577110426,,0.008012469303501742,0.0,0.9982886524098888,1.0,0.008012469303501742,0.0,binance,0.06821192294945504,0.0,-1008.1347112400001,0.0,43589.74408875992,10000.0,43538.49148875992,10000.0,3.3589744088759925,0.0,2.97524354923644,,103.61666666666666,,0.12246851726865256,1.0,-4828.488778645605,0.0,2342.0,0.0,944.8333333333334,5255.0,0.0,7597.0,0.0,1873.0,0.0,2252.0,0.0,3382.0,0.0,90.0,0.0,0.0,0.0,33589.74408876002,0.0,0.08231546197477041,100.0,0.1773829587641631,100.0,0.013652098073529191,100.0,0.013272813948169716,1.0,34597.87880000002,0.0,39426.36757864562,0.0,0.19081829887397034,0.0,10000.0,,0.008951801384662875,0.0,16388026.666436685,0.0,2024-04-12 12:48:46.535725,-0.7548499106955511,-0.9999999999999745
1INCHUSDT,,,,,,1INCHUSDT,0.0012702441593062108,0.0012702441593062108,0.0,0.0,0.0011922291170540333,0.0011922291170540333,0.0,0.0,48.77502990084494,0.0,0.9998040150580911,1.0,0.09574928375937558,-0.0,0.2345910661645138,-0.0,0.9977841446177506,0.8589658260549617,1.0,1.0,0.7627519445387857,,0.01098402763219632,0.0,0.9977841446177506,1.0,0.01098402763219632,0.0,binance,0.06932652449509366,0.0,-4130.58049948,0.0,39390.52590052018,10000.0,39390.31920052018,10000.0,2.939052590052018,0.0,0.49130057840047586,,73.1,,0.05479226473761256,1.0,-1943.1679065307426,0.0,18963.0,0.0,1079.9583333333333,33712.0,0.0,52675.0,0.0,18898.0,0.0,18925.0,0.0,14814.0,0.0,38.0,0.0,0.0,0.0,29390.525900519984,0.0,0.09871738156438363,100.0,0.3110515788973745,100.0,0.0077429827113083185,100.0,0.014932557616497956,1.0,33521.10639999998,0.0,35464.27430653072,0.0,0.1541228625535228,0.0,10000.0,,0.03148148148148148,0.0,24894832.5052835,0.0,2024-04-12 17:53:34.965992,-0.7655395736497865,-0.9999999999999732
ENJUSDT,,,,,,ENJUSDT,0.0009943972789137057,0.0009943972789137057,0.0,0.0,0.001078571062906497,0.001078571062906497,0.0,0.0,30.62895945059609,0.0,0.9996538629752616,1.0,0.08470204990302803,-0.0,0.22015140650821372,-0.0,0.9986322653579436,0.8631922996740874,1.0,1.0,0.7727492892647017,,0.009164727891789935,0.0,0.9986322653579436,1.0,0.009164727891789935,0.0,binance,0.036991008734318334,0.0,-2464.264995638,0.0,29252.327094362157,10000.0,29250.844794362158,10000.0,1.9252327094362158,0.0,0.7825346917797865,,113.08333333333333,,0.02281183378034664,1.0,-506.9599757323658,0.0,16386.0,0.0,1079.9583333333333,16692.0,0.0,33078.0,0.0,14488.0,0.0,16245.0,0.0,2204.0,0.0,141.0,0.0,0.0,0.0,19252.32709436199,0.0,0.08907146224671257,100.0,0.2939912774256316,100.0,0.011350000506489847,100.0,0.012418305282152325,1.0,21716.59208999999,0.0,22223.552065732358,0.0,0.1445196421069215,0.0,10000.0,,0.025308641975308643,0.0,22097302.167001892,0.0,2024-04-12 23:39:44.689293,-0.8297645314880258,-0.9999999999999732
SXPUSDT,,,,,,SXPUSDT,0.002384051824054323,0.002384051824054323,0.0,0.0,0.0008991093849061826,0.0008991093849061826,0.0,0.0,21.36934295304603,0.0,0.9998617667974015,1.0,0.08553480492968706,-0.0,0.20833951815707724,-0.0,0.9988767712222141,0.8384157244826269,1.0,1.0,0.8017785420471524,,0.00795989114240177,0.0,0.9988767712222141,1.0,0.00795989114240177,0.0,binance,0.03672951863657478,0.0,-5713.336811288001,0.0,130869.09063242789,10000.0,130872.90513242788,10000.0,12.08690906324279,0.0,1.1229615345726625,,68.96666666666667,,0.05632832782356566,1.0,-7556.2675238341835,0.0,9914.0,0.0,1079.9583333333333,13164.0,0.0,23078.0,0.0,9589.0,0.0,9886.0,0.0,3575.0,0.0,28.0,0.0,0.0,0.0,120877.241768712,0.0,0.07863681665482643,100.0,0.24722366050875133,100.0,0.010328446652381243,100.0,0.010636196720402481,1.0,126590.57858,0.0,134146.8461038342,0.0,0.034990325909882325,0.0,10000.0,,0.01712962962962963,0.0,34430017.80922219,0.0,2024-04-13 04:05:48.858707,-0.40423780631883216,-0.9999999999999732
ROSEUSDT,,,,,,ROSEUSDT,0.0014880187864210193,0.0014880187864210193,0.0,0.0,0.0018699612553536138,0.0018699612553536138,0.0,0.0,19.119071442865717,0.0,0.9998300676154558,1.0,0.093464465946905,-0.0,0.21906256787159453,-0.0,0.998932517576255,0.8359725528681586,1.0,1.0,0.7810039090278933,,0.007717893244851608,0.0,0.998932517576255,1.0,0.007717893244851608,0.0,binance,0.045071814285868234,0.0,-1454.5053412060001,0.0,34499.182318793864,10000.0,34498.32314879386,10000.0,2.4499182318793866,0.0,1.2529320018423147,,91.66666666666667,,0.04825138452483549,1.0,-1315.7900550188037,0.0,6809.0,0.0,832.8333333333334,9114.0,0.0,15923.0,0.0,6424.0,0.0,6672.0,0.0,2690.0,0.0,137.0,0.0,0.0,0.0,24499.182318793984,0.0,0.07888166187635111,100.0,0.280358203395255,100.0,0.009947617909928276,100.0,0.010565830662114367,1.0,25953.687659999985,0.0,27269.477715018787,0.0,0.14270182969815454,0.0,10000.0,,0.00990544799639802,0.0,9086138.898078505,0.0,2024-04-13 07:50:17.080060,-0.7036778076252211,-0.9999999999999759
ARUSDT,,,,,,ARUSDT,0.0014360843702554416,0.0014360843702554416,0.0,0.0,0.0013161079273040555,0.0013161079273040555,0.0,0.0,11.229634957741412,0.0,0.9938897188272917,1.0,0.07815380549424128,-0.0,0.15469834889963222,-0.0,0.9982167204663034,0.8698878562084895,1.0,1.0,0.8452644620825507,,0.00923659962365291,0.0,0.9982167204663034,1.0,0.00923659962365291,0.0,binance,0.05805350027557389,0.0,-997.53576714,0.0,37812.5534328599,10000.0,37804.3219328599,10000.0,2.78125534328599,0.0,2.1344287498798886,,88.96666666666667,,0.0021153781692771693,1.0,-61.07342714310944,0.0,4511.0,0.0,926.8333333333334,5897.0,0.0,10408.0,0.0,3521.0,0.0,4478.0,0.0,2376.0,0.0,33.0,0.0,0.0,0.0,27812.553432860004,0.0,0.08458073093188874,100.0,0.18303675958717164,100.0,0.012375969506831886,100.0,0.012050913999060846,1.0,28810.089200000006,0.0,28871.162627143116,0.0,0.16575061071314212,0.0,10000.0,,0.027646662171274445,0.0,11731476.981638055,0.0,2024-04-13 13:02:11.605917,-0.7537153211597539,-0.9999999999999748
ZECUSDT,,,,,,ZECUSDT,0.0013790368814066145,0.0013790368814066145,0.0,0.0,0.0012559071089642381,0.0012559071089642381,0.0,0.0,6.432655580848027,0.0,0.9893861562923126,1.0,0.09415565186896128,-0.0,0.24750374877732542,-0.0,0.998273990209224,0.8065321046452952,1.0,1.0,0.7524494596182325,,0.010845798321726012,0.0,0.998273990209224,1.0,0.010845798321726012,0.0,binance,0.056639030756075286,0.0,-907.348631568,0.0,44294.5438898401,10000.0,44291.6533098401,10000.0,3.42945438898401,0.0,3.7206953642384106,,118.65,,0.00048260553916965797,1.0,-17.000925651790777,0.0,1997.0,0.0,1079.9583333333333,4950.0,0.0,6947.0,0.0,1508.0,0.0,1939.0,0.0,3442.0,0.0,58.0,0.0,0.0,0.0,34303.024088431994,0.0,0.1057660055504482,100.0,0.32898207656665823,100.0,0.011419972968182765,100.0,0.015210112167109293,1.0,35210.37271999999,0.0,35227.37364565178,0.0,0.14259752886975507,0.0,10000.0,,0.024498456790123458,0.0,16479268.214306623,0.0,2024-04-13 17:16:03.526894,-0.7179386695864194,-0.9999999999999732
ATOMUSDT,,,,,,ATOMUSDT,0.0022579504364519387,0.0022579504364519387,0.0,0.0,0.001499080756045812,0.001499080756045812,0.0,0.0,22.909217176588605,0.0,0.9999725246042451,1.0,0.09670040704473032,-0.0,0.22908841172844624,-0.0,0.9983076569328573,0.8197823927646514,1.0,1.0,0.7648563180795654,,0.010182793638915229,0.0,0.9983076569328573,1.0,0.010182793638915229,0.0,binance,0.07424163773077135,0.0,-4872.696327346,0.0,114243.09870001372,10000.0,108728.37779265465,10000.0,10.424309870001373,0.0,1.0460637294529778,,69.4,,0.06433934114884274,1.0,-7503.188570108781,0.0,6403.0,0.0,1079.9583333333333,18338.0,0.0,24741.0,0.0,4675.0,0.0,6303.0,0.0,13663.0,0.0,100.0,0.0,0.0,0.0,104243.0987000131,0.0,0.09864419343018295,100.0,0.30743020830735823,100.0,0.007324013908548494,100.0,0.012971482598232643,1.0,109115.7950273591,0.0,116618.98359746789,0.0,0.21907511697701887,0.0,10000.0,,0.028703703703703703,0.0,98968387.41467385,0.0,2024-04-13 23:39:32.793569,-0.6551693583605427,-0.9999999999999732
ETCUSDT,,,,,,ETCUSDT,0.002405424895625563,0.002405424895625563,0.0,0.0,0.0019340661539579474,0.0019340661539579474,0.0,0.0,56.46699332535978,0.0,0.9884602893673022,1.0,0.09191836669139725,-0.0,0.13899518788699397,-0.0,0.9981498494217188,0.8658982703292081,1.0,1.0,0.8611916748725656,,0.010778577650645813,0.0,0.9981498494217188,1.0,0.010778577650645813,0.0,binance,0.0543077401072301,0.0,-16156.863070374002,0.0,133917.5616151002,10000.0,133905.28363510018,10000.0,12.391756161510019,0.0,0.42489053967629264,,95.33333333333333,,0.0015541418240097385,1.0,-218.03896569638454,0.0,27778.0,0.0,1079.9583333333333,33204.0,0.0,60982.0,0.0,27681.0,0.0,27712.0,0.0,5523.0,0.0,66.0,0.0,0.0,0.0,123920.50879962582,0.0,0.10031381600322561,100.0,0.15984558639262425,100.0,0.009403434368691416,100.0,0.011874358472223135,1.0,140077.37186999983,0.0,140295.4108356962,0.0,0.08038066331589554,0.0,10000.0,,0.03287037037037037,0.0,56592927.488345586,0.0,2024-04-14 05:05:58.375524,-0.6872439379464953,-0.9999999999999732
IMXUSDT,,,,,,IMXUSDT,0.002678840393860238,0.002678840393860238,0.0,0.0,0.00236106112946326,0.00236106112946326,0.0,0.0,13.390444117027993,0.0,0.9998190875264501,1.0,0.09586106845503264,-0.0,0.14135974307379529,-0.0,0.9983018866929939,0.872023968895428,1.0,1.0,0.8586260220186345,,0.009148310339378626,0.0,0.9983018866929939,1.0,0.009148310339378626,0.0,binance,0.08053937727106321,0.0,-3147.9602775000003,0.0,83174.77392249968,10000.0,78222.0002224997,10000.0,7.317477392249968,0.0,1.7890256555366912,,69.76666666666667,,0.05974677468494543,1.0,-4849.7969279057015,0.0,4689.0,0.0,791.8333333333334,5914.0,0.0,10603.0,0.0,3270.0,0.0,4545.0,0.0,2644.0,0.0,144.0,0.0,0.0,0.0,73174.77392250001,0.0,0.08877826390511298,100.0,0.16464040795687032,100.0,0.009489550127536609,100.0,0.011736393061626639,1.0,76322.7342,0.0,81172.5311279057,0.0,0.23936768178207637,0.0,10000.0,,0.028992370428834516,0.0,33553905.896349404,0.0,2024-04-14 10:02:47.394670,-0.5962751723799419,-0.9999999999999765
ANKRUSDT,,,,,,ANKRUSDT,0.001221158880877482,0.001221158880877482,0.0,0.0,0.001687760466186816,0.001687760466186816,0.0,0.0,9.777229059763108,0.0,0.9934493087102586,1.0,0.0727222469083971,-0.0,0.22803516939327476,-0.0,0.9989572612954146,0.8257278193734836,1.0,1.0,0.7726566747997797,,0.008079343356207247,0.0,0.9989572612954146,1.0,0.008079343356207247,0.0,binance,0.032588051313062076,0.0,-1094.043599624,0.0,37359.275660376086,10000.0,37359.275660376086,10000.0,2.7359275660376086,0.0,2.454003283450148,,99.35,,0.015564841115207308,1.0,-449.87360466063666,0.0,4819.0,0.0,1079.9583333333333,5740.0,0.0,10559.0,0.0,4048.0,0.0,4729.0,0.0,1692.0,0.0,90.0,0.0,0.0,0.0,27359.275660376017,0.0,0.07678791386744727,100.0,0.2945819419217049,100.0,0.011354951899456556,100.0,0.012738816475570153,1.0,28453.31926000002,0.0,28903.192864660654,0.0,0.1372343604975888,0.0,10000.0,,0.02021604938271605,0.0,12048729.900407257,0.0,2024-04-14 14:05:17.106056,-0.8080819614298256,-0.9999999999999732
RSRUSDT,,,,,,RSRUSDT,0.0004648179193071922,0.0004648179193071922,0.0,0.0,0.0011595646854034801,0.0011595646854034801,0.0,0.0,33.15127898452872,0.0,0.9998014528286598,1.0,0.014253283703813768,-0.0,0.07029367260787936,-0.0,0.9996467057271873,0.9592587945057114,1.0,1.0,0.9147993946245454,,0.0012866050700181266,0.0,0.9996467057271873,1.0,0.0012866050700181266,0.0,binance,0.01604754144685663,0.0,-966.5877012672,0.0,16518.028966116828,10000.0,16518.028966116828,10000.0,0.6518028966116829,0.0,0.7237577162649088,,108.6,,0.04070264694666864,1.0,-317.6136070395443,0.0,17341.0,0.0,1079.9583333333333,18461.0,0.0,35802.0,0.0,17229.0,0.0,17300.0,0.0,1232.0,0.0,41.0,0.0,0.0,0.0,6519.065330732804,0.0,0.05758532645013526,100.0,0.06833846205293274,100.0,0.01989640354517751,100.0,0.014015244331659623,1.0,7485.653032000004,0.0,7803.266639039548,0.0,0.10912980929950847,0.0,10000.0,,0.0012345679012345679,0.0,3576427.439200096,0.0,2024-04-14 16:02:48.791362,-0.9609037413354756,-0.9999999999999732
